date,funding_rate,open_interest_usd
2020-01-01,-0.0001146866666666,0.0
2020-01-02,4.588666666666667e-05,0.0
2020-01-03,2.261e-05,0.0
2020-01-04,5.823666666666667e-05,0.0
2020-01-05,0.0001,0.0
2020-01-06,0.0001,0.0
2020-01-07,0.0001,0.0
2020-01-08,0.00010838,0.0
2020-01-09,0.0001,0.0
2020-01-10,0.0001,0.0
2020-01-11,0.0001261533333333,0.0
2020-01-12,0.0001,0.0
2020-01-13,0.0001,0.0
2020-01-14,0.000153,0.0
2020-01-15,0.0002629633333333,0.0
2020-01-16,0.0002755233333333,0.0
2020-01-17,0.0002725866666666,0.0
2020-01-18,0.0002375433333333,0.0
2020-01-19,0.0005061233333333,0.0
2020-01-20,0.00016828,0.0
2020-01-21,0.0001440733333333,0.0
2020-01-22,0.0001379733333333,0.0
2020-01-23,0.0002410133333333,0.0
2020-01-24,0.0003826366666666,0.0
2020-01-25,0.0001,0.0
2020-01-26,0.0001,0.0
2020-01-27,0.0001,0.0
2020-01-28,0.00044361,0.0
2020-01-29,0.0007473699999999,0.0
2020-01-30,0.0002777633333333,0.0
2020-01-31,0.0005685433333333,0.0
2020-02-01,0.0006323666666666,0.0
2020-02-02,0.00042901,0.0
2020-02-03,0.00035513,0.0
2020-02-04,0.0006397466666666,0.0
2020-02-05,0.0002421033333333,0.0
2020-02-06,0.0009932933333333,0.0
2020-02-07,0.0002998666666666,0.0
2020-02-08,0.0006736266666666,0.0
2020-02-09,0.0007942366666666,0.0
2020-02-10,0.00109891,0.0
2020-02-11,0.0005296866666666,0.0
2020-02-12,0.0017064633333333,0.0
2020-02-13,0.0008279,0.0
2020-02-14,0.00064575,0.0
2020-02-15,0.00081114,0.0
2020-02-16,0.00049674,0.0
2020-02-17,0.0006507166666666,0.0
2020-02-18,0.00023527,0.0
2020-02-19,0.0004188,0.0
2020-02-20,0.0001,0.0
2020-02-21,0.0001,0.0
2020-02-22,0.0001074766666666,0.0
2020-02-23,0.0004466033333333,0.0
2020-02-24,0.0002445366666666,0.0
2020-02-25,0.00035567,0.0
2020-02-26,0.0004182,0.0
2020-02-27,0.0001245433333333,0.0
2020-02-28,0.0001508766666666,0.0
2020-02-29,0.00061349,0.0
2020-03-01,0.0003609433333333,0.0
2020-03-02,0.0001290666666666,0.0
2020-03-03,0.0001,0.0
2020-03-04,0.00014776,0.0
2020-03-05,0.0001766733333333,0.0
2020-03-06,0.00025946,0.0
2020-03-07,0.0003475866666666,0.0
2020-03-08,0.0004911766666666,0.0
2020-03-09,0.0001,0.0
2020-03-10,0.0001,0.0
2020-03-11,0.0001429933333333,0.0
2020-03-12,1.8076666666666662e-05,0.0
2020-03-13,-0.0012715033333333,0.0
2020-03-14,-0.0004389733333333,0.0
2020-03-15,-0.00050297,0.0
2020-03-16,-0.0005183766666666,0.0
2020-03-17,-0.0001269466666666,0.0
2020-03-18,-0.0002786933333333,0.0
2020-03-19,-0.0002137833333333,0.0
2020-03-20,-2.213333333333333e-05,0.0
2020-03-21,-1.3816666666666673e-05,0.0
2020-03-22,2.460666666666667e-05,0.0
2020-03-23,-7.697e-05,0.0
2020-03-24,0.0001,0.0
2020-03-25,9.923666666666668e-05,0.0
2020-03-26,3.326333333333334e-05,0.0
2020-03-27,4.403e-05,0.0
2020-03-28,-0.0002503866666666,0.0
2020-03-29,-0.00026005,0.0
2020-03-30,-0.0003503633333333,0.0
2020-03-31,-0.0001228533333333,0.0
2020-04-01,-0.0003096666666666,0.0
2020-04-02,-2.2110000000000003e-05,0.0
2020-04-03,6.375333333333333e-05,0.0
2020-04-04,1.3563333333333333e-05,0.0
2020-04-05,1.1873333333333334e-05,0.0
2020-04-06,-1.8176666666666665e-05,0.0
2020-04-07,-4.889e-05,0.0
2020-04-08,4.638e-05,0.0
2020-04-09,-2.953e-05,0.0
2020-04-10,4.999e-05,0.0
2020-04-11,0.0001,0.0
2020-04-12,9.484333333333332e-05,0.0
2020-04-13,-5.066333333333332e-05,0.0
2020-04-14,-5.272666666666667e-05,0.0
2020-04-15,-4.836000000000001e-05,0.0
2020-04-16,-0.0001555133333333,0.0
2020-04-17,8.333333333333332e-06,0.0
2020-04-18,-0.0001330633333333,0.0
2020-04-19,-5.531333333333333e-05,0.0
2020-04-20,-2.982e-05,0.0
2020-04-21,-2.2396666666666665e-05,0.0
2020-04-22,-0.00015103,0.0
2020-04-23,-9.277e-05,0.0
2020-04-24,0.0001,0.0
2020-04-25,0.0001,0.0
2020-04-26,9.164333333333334e-05,0.0
2020-04-27,0.0001,0.0
2020-04-28,0.0001,0.0
2020-04-29,0.0001,0.0
2020-04-30,0.0004024166666666,0.0
2020-05-01,0.00017495,0.0
2020-05-02,0.00010048,0.0
2020-05-03,0.0001499066666666,0.0
2020-05-04,0.0001064166666666,0.0
2020-05-05,0.0001,0.0
2020-05-06,0.0001866033333333,0.0
2020-05-07,0.0001,0.0
2020-05-08,0.0003443333333333,0.0
2020-05-09,0.0005862366666666,0.0
2020-05-10,0.0002077533333333,0.0
2020-05-11,0.0001,0.0
2020-05-12,0.0001,0.0
2020-05-13,0.0001,0.0
2020-05-14,0.0001,0.0
2020-05-15,8.133333333333334e-05,0.0
2020-05-16,0.0001,0.0
2020-05-17,4.338e-05,0.0
2020-05-18,4.453333333333333e-05,0.0
2020-05-19,9.297333333333333e-05,0.0
2020-05-20,0.0001,0.0
2020-05-21,2.594e-05,0.0
2020-05-22,-2.263333333333332e-06,0.0
2020-05-23,1.2833333333333331e-05,0.0
2020-05-24,8.213666666666667e-05,0.0
2020-05-25,-5.759999999999999e-06,0.0
2020-05-26,4.854666666666667e-05,0.0
2020-05-27,-6.403333333333329e-06,0.0
2020-05-28,-6.471666666666666e-05,0.0
2020-05-29,1.297e-05,0.0
2020-05-30,0.0001,0.0
2020-05-31,0.0001,0.0
2020-06-01,2.6756666666666667e-05,0.0
2020-06-02,0.0004093,0.0
2020-06-03,9.548666666666668e-05,0.0
2020-06-04,0.0001,0.0
2020-06-05,0.0001,0.0
2020-06-06,0.0001,0.0
2020-06-07,0.0001,0.0
2020-06-08,0.0001,0.0
2020-06-09,0.0001,0.0
2020-06-10,0.0001,0.0
2020-06-11,0.0001,0.0
2020-06-12,5.299333333333333e-05,0.0
2020-06-13,5.0916666666666666e-05,0.0
2020-06-14,9.034e-05,0.0
2020-06-15,-4.120666666666666e-05,0.0
2020-06-16,1.5949999999999998e-05,0.0
2020-06-17,2.3179999999999995e-05,0.0
2020-06-18,-4.656666666666667e-05,0.0
2020-06-19,3.927666666666667e-05,0.0
2020-06-20,7.062000000000001e-05,0.0
2020-06-21,1.8843333333333333e-05,0.0
2020-06-22,8.928e-05,0.0
2020-06-23,0.0001073833333333,0.0
2020-06-24,0.0001042866666666,0.0
2020-06-25,0.0001,0.0
2020-06-26,9.800333333333336e-05,0.0
2020-06-27,0.0001,0.0
2020-06-28,8.289e-05,0.0
2020-06-29,0.0001,0.0
2020-06-30,0.0001,0.0
2020-07-01,0.0001,0.0
2020-07-02,0.0001,0.0
2020-07-03,0.0001,0.0
2020-07-04,0.0001,0.0
2020-07-05,0.0001,0.0
2020-07-06,0.0001,0.0
2020-07-07,0.0001,0.0
2020-07-08,0.0001,0.0
2020-07-09,0.0001,0.0
2020-07-10,0.0001,0.0
2020-07-11,0.0001,0.0
2020-07-12,0.0001,0.0
2020-07-13,0.0001,0.0
2020-07-14,0.0001,0.0
2020-07-15,0.0001,0.0
2020-07-16,0.0001,0.0
2020-07-17,0.0001,0.0
2020-07-18,0.0001,0.0
2020-07-19,0.0001,0.0
2020-07-20,0.0001,0.0
2020-07-21,0.0001,0.0
2020-07-22,0.0001,0.0
2020-07-23,0.0001,0.0
2020-07-24,0.0001,0.0
2020-07-25,0.0001,0.0
2020-07-26,0.00028479,0.0
2020-07-27,0.0006200633333333,0.0
2020-07-28,0.00119704,0.0
2020-07-29,0.0007122833333333,0.0
2020-07-30,0.00067754,0.0
2020-07-31,0.0005323933333333,0.0
2020-08-01,0.0003589699999999,0.0
2020-08-02,0.0005424966666666,0.0
2020-08-03,0.0003850333333333,0.0
2020-08-04,0.00033459,0.0
2020-08-05,0.0001751833333333,0.0
2020-08-06,0.0003788733333333,0.0
2020-08-07,0.00025614,0.0
2020-08-08,0.0001,0.0
2020-08-09,0.0001521333333333,0.0
2020-08-10,0.00057372,0.0
2020-08-11,0.0003197466666666,0.0
2020-08-12,0.0001,0.0
2020-08-13,0.0001,0.0
2020-08-14,0.0002968966666666,0.0
2020-08-15,0.0002285133333333,0.0
2020-08-16,0.0003198033333333,0.0
2020-08-17,0.00050636,0.0
2020-08-18,0.0009942233333333,0.0
2020-08-19,0.0005208933333333,0.0
2020-08-20,0.0001802,0.0
2020-08-21,0.0001,0.0
2020-08-22,0.0001,0.0
2020-08-23,0.0001,0.0
2020-08-24,0.0001,0.0
2020-08-25,0.0002086,0.0
2020-08-26,0.0001545133333333,0.0
2020-08-27,0.0001,0.0
2020-08-28,0.0001,0.0
2020-08-29,0.0001,0.0
2020-08-30,0.0001,0.0
2020-08-31,0.0001182033333333,0.0
2020-09-01,0.00026607,0.0
2020-09-02,0.00037669,0.0
2020-09-03,0.00020977,0.0
2020-09-04,0.0001,0.0
2020-09-05,0.0001,0.0
2020-09-06,0.0001,0.0
2020-09-07,0.0001,0.0
2020-09-08,0.0001,0.0
2020-09-09,0.0001,0.0
2020-09-10,0.0001,0.0
2020-09-11,0.0001,0.0
2020-09-12,0.0001,0.0
2020-09-13,0.0001,0.0
2020-09-14,6.956e-05,0.0
2020-09-15,-0.0001007399999999,0.0
2020-09-16,-5.289e-05,0.0
2020-09-17,8.306666666666668e-06,0.0
2020-09-18,6.657e-05,0.0
2020-09-19,-9.426333333333334e-05,0.0
2020-09-20,-8.099666666666666e-05,0.0
2020-09-21,-3.192333333333333e-05,0.0
2020-09-22,0.0001,0.0
2020-09-23,-1.263e-05,0.0
2020-09-24,3.9966666666666665e-05,0.0
2020-09-25,-3.559e-05,0.0
2020-09-26,0.0001,0.0
2020-09-27,0.0001,0.0
2020-09-28,0.0001,0.0
2020-09-29,0.0001,0.0
2020-09-30,0.0001,0.0
2020-10-01,9.137333333333331e-05,0.0
2020-10-02,2.695e-05,0.0
2020-10-03,9.916333333333336e-05,0.0
2020-10-04,7.129999999999999e-06,0.0
2020-10-05,-6.478666666666667e-05,0.0
2020-10-06,-5.006666666666667e-06,0.0
2020-10-07,4.02e-06,0.0
2020-10-08,4.9323333333333336e-05,0.0
2020-10-09,8.709333333333334e-05,0.0
2020-10-10,0.0001,0.0
2020-10-11,0.0001,0.0
2020-10-12,0.0001,0.0
2020-10-13,0.0001,0.0
2020-10-14,0.0001,0.0
2020-10-15,0.0001,0.0
2020-10-16,0.0001,0.0
2020-10-17,0.0001,0.0
2020-10-18,0.0001,0.0
2020-10-19,0.0001,0.0
2020-10-20,7.914e-05,0.0
2020-10-21,6.592666666666666e-05,0.0
2020-10-22,0.0001,0.0
2020-10-23,0.0001,0.0
2020-10-24,0.0001,0.0
2020-10-25,0.0001,0.0
2020-10-26,0.0001,0.0
2020-10-27,8.467e-05,0.0
2020-10-28,7.908333333333334e-05,0.0
2020-10-29,-0.0001241566666666,0.0
2020-10-30,-9.883333333333331e-05,0.0
2020-10-31,-0.00010785,0.0
2020-11-01,-5.175e-05,0.0
2020-11-02,4.441e-05,0.0
2020-11-03,-8.704e-05,0.0
2020-11-04,-0.0001141833333333,0.0
2020-11-05,0.0001,0.0
2020-11-06,0.00022535,0.0
2020-11-07,0.0003291733333333,0.0
2020-11-08,0.0001,0.0
2020-11-09,0.0001,0.0
2020-11-10,0.0001,0.0
2020-11-11,0.0001,0.0
2020-11-12,0.0001,0.0
2020-11-13,0.0001,0.0
2020-11-14,8.092333333333333e-05,0.0
2020-11-15,0.0001,0.0
2020-11-16,0.0001,0.0
2020-11-17,0.0001,0.0
2020-11-18,0.0003339866666666,0.0
2020-11-19,0.00029074,0.0
2020-11-20,0.0003830466666666,0.0
2020-11-21,0.0002647933333333,0.0
2020-11-22,0.0007796166666666,0.0
2020-11-23,0.0009524966666666,0.0
2020-11-24,0.0006411433333333,0.0
2020-11-25,0.0006586866666666,0.0
2020-11-26,0.0002578,0.0
2020-11-27,0.0001025766666666,0.0
2020-11-28,0.0001,0.0
2020-11-29,0.0001,0.0
2020-11-30,0.0001649366666666,0.0
2020-12-01,0.0003358733333333,0.0
2020-12-02,0.0001,0.0
2020-12-03,0.0001515166666666,0.0
2020-12-04,0.00010901,0.0
2020-12-05,0.0001,0.0
2020-12-06,0.0001,0.0
2020-12-07,0.0001,0.0
2020-12-08,0.0001,0.0
2020-12-09,0.0001,0.0
2020-12-10,0.0001,0.0
2020-12-11,0.0001,0.0
2020-12-12,4.059666666666666e-05,0.0
2020-12-13,0.0001,0.0
2020-12-14,0.0001,0.0
2020-12-15,0.0001,0.0
2020-12-16,0.00022018,0.0
2020-12-17,0.0002865766666666,0.0
2020-12-18,0.0004237066666666,0.0
2020-12-19,0.0003952533333333,0.0
2020-12-20,0.0005153666666666,0.0
2020-12-21,0.0003192833333333,0.0
2020-12-22,0.0001331866666666,0.0
2020-12-23,0.00010508,0.0
2020-12-24,0.0001573866666666,0.0
2020-12-25,0.0002114433333333,0.0
2020-12-26,0.0001232166666666,0.0
2020-12-27,0.0003885733333333,0.0
2020-12-28,0.0005029133333333,0.0
2020-12-29,0.00042179,0.0
2020-12-30,0.0006289833333333,0.0
2020-12-31,0.00050127,0.0
2021-01-01,0.0002784866666666,0.0
2021-01-02,0.0004854066666666,0.0
2021-01-03,0.0013126933333333,0.0
2021-01-04,0.0015224833333333,0.0
2021-01-05,0.00066136,0.0
2021-01-06,0.0016215133333333,0.0
2021-01-07,0.0011430033333333,0.0
2021-01-08,0.0014581766666666,0.0
2021-01-09,0.0009227133333333,0.0
2021-01-10,0.00106408,0.0
2021-01-11,0.0007382766666666,0.0
2021-01-12,0.0004644199999999,0.0
2021-01-13,0.0003596266666666,0.0
2021-01-14,0.0007315366666666,0.0
2021-01-15,0.0007943199999999,0.0
2021-01-16,0.00037023,0.0
2021-01-17,0.0002446166666666,0.0
2021-01-18,0.0006941533333333,0.0
2021-01-19,0.0012007566666666,0.0
2021-01-20,0.0004087566666666,0.0
2021-01-21,0.0003900799999999,0.0
2021-01-22,0.0001,0.0
2021-01-23,0.0001072733333333,0.0
2021-01-24,0.0002191866666666,0.0
2021-01-25,0.00034889,0.0
2021-01-26,0.0001116866666666,0.0
2021-01-27,0.0001,0.0
2021-01-28,0.0001408733333333,0.0
2021-01-29,0.0008053066666666,0.0
2021-01-30,0.00041612,0.0
2021-01-31,0.0004843166666666,0.0
2021-02-01,0.00039447,0.0
2021-02-02,0.0006774866666666,0.0
2021-02-03,0.0007779633333333,0.0
2021-02-04,0.00055095,0.0
2021-02-05,0.0007687566666666,0.0
2021-02-06,0.0006899333333333,0.0
2021-02-07,0.0010895766666666,0.0
2021-02-08,0.00122049,0.0
2021-02-09,0.00159619,0.0
2021-02-10,0.0013735333333333,0.0
2021-02-11,0.0011130733333333,0.0
2021-02-12,0.0011997833333333,0.0
2021-02-13,0.0011918466666666,0.0
2021-02-14,0.0012690733333333,0.0
2021-02-15,0.0007553666666666,0.0
2021-02-16,0.0012165466666666,0.0
2021-02-17,0.0011487133333333,0.0
2021-02-18,0.0013746466666666,0.0
2021-02-19,0.00101524,0.0
2021-02-20,0.0013177266666666,0.0
2021-02-21,0.0010839966666666,0.0
2021-02-22,0.00095565,0.0
2021-02-23,0.00022616,0.0
2021-02-24,0.0003302666666666,0.0
2021-02-25,0.0002333533333333,0.0
2021-02-26,0.0001,0.0
2021-02-27,0.0002825733333333,0.0
2021-02-28,0.0001923533333333,0.0
2021-03-01,0.00012307,0.0
2021-03-02,0.0001,0.0
2021-03-03,0.0002169266666666,0.0
2021-03-04,0.0001,0.0
2021-03-05,0.0001,0.0
2021-03-06,0.0001,0.0
2021-03-07,0.0001253533333333,0.0
2021-03-08,0.00014919,0.0
2021-03-09,0.0005714433333333,0.0
2021-03-10,0.0004328166666666,0.0
2021-03-11,0.0009355833333333,0.0
2021-03-12,0.0007344933333333,0.0
2021-03-13,0.0005517166666666,0.0
2021-03-14,0.0009383,0.0
2021-03-15,0.0006766533333333,0.0
2021-03-16,0.00033036,0.0
2021-03-17,0.00026392,0.0
2021-03-18,0.0003069033333333,0.0
2021-03-19,0.00026051,0.0
2021-03-20,0.00047556,0.0
2021-03-21,0.0002791366666666,0.0
2021-03-22,0.0004881933333333,0.0
2021-03-23,0.0003102466666666,0.0
2021-03-24,0.0003214766666666,0.0
2021-03-25,0.0001060933333333,0.0
2021-03-26,0.00012,0.0
2021-03-27,0.0001,0.0
2021-03-28,0.0001,0.0
2021-03-29,0.0001272366666666,0.0
2021-03-30,0.00047595,0.0
2021-03-31,0.00070019,0.0
2021-04-01,0.0008548533333333,0.0
2021-04-02,0.00093083,0.0
2021-04-03,0.0009080766666666,0.0
2021-04-04,0.0004236866666666,0.0
2021-04-05,0.0004002999999999,0.0
2021-04-06,0.00079567,0.0
2021-04-07,0.00055006,0.0
2021-04-08,0.0003065066666666,0.0
2021-04-09,0.0002256566666666,0.0
2021-04-10,0.0009374499999999,0.0
2021-04-11,0.0009738666666666,0.0
2021-04-12,0.0009816466666666,0.0
2021-04-13,0.0009889,0.0
2021-04-14,0.00101287,0.0
2021-04-15,0.0008958033333333,0.0
2021-04-16,0.0011506266666666,0.0
2021-04-17,0.00065495,0.0
2021-04-18,0.00050024,0.0
2021-04-19,0.0001,0.0
2021-04-20,0.0001,0.0
2021-04-21,0.0001,0.0
2021-04-22,0.0001,0.0
2021-04-23,0.0002253933333333,0.0
2021-04-24,0.00018144,0.0
2021-04-25,0.0002341933333333,0.0
2021-04-26,0.0001,0.0
2021-04-27,0.0001,0.0
2021-04-28,0.0001,0.0
2021-04-29,0.0001,0.0
2021-04-30,0.0001,0.0
2021-05-01,0.0001790166666666,0.0
2021-05-02,0.0003546233333333,0.0
2021-05-03,0.00047936,0.0
2021-05-04,0.0004319033333333,0.0
2021-05-05,0.0003296433333333,0.0
2021-05-06,0.0007653633333333,0.0
2021-05-07,0.0003836733333333,0.0
2021-05-08,0.0005069166666666,0.0
2021-05-09,0.00052217,0.0
2021-05-10,0.0007414733333333,0.0
2021-05-11,0.0003868533333333,0.0
2021-05-12,0.00030052,0.0
2021-05-13,0.0001483366666666,0.0
2021-05-14,0.0003010933333333,0.0
2021-05-15,0.0001342533333333,0.0
2021-05-16,0.00031042,0.0
2021-05-17,0.0004442766666666,0.0
2021-05-18,0.0003039166666666,0.0
2021-05-19,-0.00014628,0.0
2021-05-20,0.0001,0.0
2021-05-21,5.5150000000000006e-05,0.0
2021-05-22,-1.482666666666666e-05,0.0
2021-05-23,-4.58e-06,0.0
2021-05-24,-5.45e-05,0.0
2021-05-25,0.0001,0.0
2021-05-26,0.0001,0.0
2021-05-27,0.0001,0.0
2021-05-28,0.0001,0.0
2021-05-29,0.00010125,0.0
2021-05-30,0.0001,0.0
2021-05-31,0.0001,0.0
2021-06-01,0.0001,0.0
2021-06-02,0.0001,0.0
2021-06-03,0.0001,0.0
2021-06-04,0.00013522,0.0
2021-06-05,0.0001,0.0
2021-06-06,0.0001,0.0
2021-06-07,0.0001,0.0
2021-06-08,7.005000000000001e-05,0.0
2021-06-09,-3.4129999999999993e-05,0.0
2021-06-10,-2.55333333333333e-06,0.0
2021-06-11,5.796e-05,0.0
2021-06-12,4.68666666666667e-06,0.0
2021-06-13,1.9776666666666663e-05,0.0
2021-06-14,5.618666666666667e-05,0.0
2021-06-15,9.334e-05,0.0
2021-06-16,0.0001,0.0
2021-06-17,0.0001,0.0
2021-06-18,5.229e-05,0.0
2021-06-19,-2.390333333333333e-05,0.0
2021-06-20,5.210000000000004e-06,0.0
2021-06-21,-3.8236666666666666e-05,0.0
2021-06-22,-4.9530000000000015e-05,0.0
2021-06-23,-0.0001117366666666,0.0
2021-06-24,-5.549333333333333e-05,0.0
2021-06-25,7.457333333333334e-05,0.0
2021-06-26,-0.00011507,0.0
2021-06-27,-0.00034195,0.0
2021-06-28,3.4660000000000004e-05,0.0
2021-06-29,7.409666666666667e-05,0.0
2021-06-30,0.0001,0.0
2021-07-01,0.0001,0.0
2021-07-02,2.0390000000000003e-05,0.0
2021-07-03,-4.962e-05,0.0
2021-07-04,-2.5356666666666664e-05,0.0
2021-07-05,3.186666666666667e-05,0.0
2021-07-06,-6.678e-05,0.0
2021-07-07,2.2126666666666663e-05,0.0
2021-07-08,-0.0001103366666666,0.0
2021-07-09,-0.00015698,0.0
2021-07-10,2.612666666666667e-05,0.0
2021-07-11,4.804e-05,0.0
2021-07-12,7.438e-05,0.0
2021-07-13,6.684e-05,0.0
2021-07-14,-1.4533333333333308e-06,0.0
2021-07-15,2.2310000000000005e-05,0.0
2021-07-16,-1.4503333333333332e-05,0.0
2021-07-17,2.674e-05,0.0
2021-07-18,5.188666666666667e-05,0.0
2021-07-19,-1.8523333333333333e-05,0.0
2021-07-20,-0.0001573166666666,0.0
2021-07-21,-0.0003144066666666,0.0
2021-07-22,-4.508333333333333e-05,0.0
2021-07-23,-5.877e-05,0.0
2021-07-24,-0.0001040933333333,0.0
2021-07-25,-0.0001753033333333,0.0
2021-07-26,-0.0001161366666666,0.0
2021-07-27,5.917333333333334e-05,0.0
2021-07-28,5.987666666666667e-05,0.0
2021-07-29,6.589666666666666e-05,0.0
2021-07-30,5.874333333333334e-05,0.0
2021-07-31,0.0001,0.0
2021-08-01,0.0001,0.0
2021-08-02,0.0001,0.0
2021-08-03,0.0001,0.0
2021-08-04,7.090666666666667e-05,0.0
2021-08-05,0.0001,0.0
2021-08-06,0.0001,0.0
2021-08-07,0.0001,0.0
2021-08-08,0.0001,0.0
2021-08-09,0.0001,0.0
2021-08-10,0.0001,0.0
2021-08-11,0.0001,0.0
2021-08-12,0.0001,0.0
2021-08-13,0.0001,0.0
2021-08-14,0.0001,0.0
2021-08-15,0.0001,0.0
2021-08-16,0.00011308,0.0
2021-08-17,0.0001,0.0
2021-08-18,0.0001,0.0
2021-08-19,0.0001,0.0
2021-08-20,0.0001192033333333,0.0
2021-08-21,0.00015569,0.0
2021-08-22,0.0001160433333333,0.0
2021-08-23,0.0002438766666666,0.0
2021-08-24,0.0002688266666666,0.0
2021-08-25,0.0001318933333333,0.0
2021-08-26,0.00013955,0.0
2021-08-27,0.0001,0.0
2021-08-28,0.0002179233333333,0.0
2021-08-29,0.0001,0.0
2021-08-30,0.0001418333333333,0.0
2021-08-31,0.0002910366666666,0.0
2021-09-01,0.0003528033333333,0.0
2021-09-02,0.0004887166666666,0.0
2021-09-03,0.00035202,0.0
2021-09-04,0.00024982,0.0
2021-09-05,0.0001,0.0
2021-09-06,0.0001559433333333,0.0
2021-09-07,0.0001432566666666,0.0
2021-09-08,0.0001,0.0
2021-09-09,0.0001,0.0
2021-09-10,0.0001037166666666,0.0
2021-09-11,0.0001,0.0
2021-09-12,0.0001,0.0
2021-09-13,0.0001,0.0
2021-09-14,0.0001,0.0
2021-09-15,0.0001,0.0
2021-09-16,0.0001,0.0
2021-09-17,0.0001,0.0
2021-09-18,0.0001,0.0
2021-09-19,0.0001,0.0
2021-09-20,0.0001,0.0
2021-09-21,0.0001,0.0
2021-09-22,0.0001,0.0
2021-09-23,7.526333333333333e-05,0.0
2021-09-24,-4.1379999999999993e-05,0.0
2021-09-25,8.543e-05,0.0
2021-09-26,3.590333333333334e-05,0.0
2021-09-27,0.0001,0.0
2021-09-28,5.207666666666666e-05,0.0
2021-09-29,4.622e-05,0.0
2021-09-30,9.745e-05,0.0
2021-10-01,3.1696666666666664e-05,0.0
2021-10-02,4.911333333333333e-05,0.0
2021-10-03,0.0001,0.0
2021-10-04,0.0001,0.0
2021-10-05,2.578e-05,0.0
2021-10-06,0.0001,0.0
2021-10-07,0.0002394966666666,0.0
2021-10-08,0.0002338366666666,0.0
2021-10-09,0.0001190566666666,0.0
2021-10-10,0.0001363533333333,0.0
2021-10-11,0.0001,0.0
2021-10-12,0.0001,0.0
2021-10-13,0.0001,0.0
2021-10-14,0.00016693,0.0
2021-10-15,0.00018895,0.0
2021-10-16,0.0003975433333333,0.0
2021-10-17,0.00038554,0.0
2021-10-18,0.0002354733333333,0.0
2021-10-19,0.00011658,0.0
2021-10-20,0.0002774566666666,0.0
2021-10-21,0.0006274466666666,0.0
2021-10-22,0.00030406,0.0
2021-10-23,0.0001947566666666,0.0
2021-10-24,0.0003347833333333,0.0
2021-10-25,0.0002888866666666,0.0
2021-10-26,0.0005254166666666,0.0
2021-10-27,0.0002883366666666,0.0
2021-10-28,0.0001311866666666,0.0
2021-10-29,0.0002186999999999,0.0
2021-10-30,0.00026212,0.0
2021-10-31,0.0003729233333333,0.0
2021-11-01,0.0004026766666666,0.0
2021-11-02,0.00032179,0.0
2021-11-03,0.00052478,0.0
2021-11-04,0.0004770166666666,0.0
2021-11-05,0.0002603566666666,0.0
2021-11-06,0.0004538933333333,0.0
2021-11-07,0.0003031966666666,0.0
2021-11-08,0.0004131633333333,0.0
2021-11-09,0.00048591,0.0
2021-11-10,0.0005447533333333,0.0
2021-11-11,0.00018341,0.0
2021-11-12,0.0003013933333333,0.0
2021-11-13,0.0002300533333333,0.0
2021-11-14,0.0001234033333333,0.0
2021-11-15,0.0002595333333333,0.0
2021-11-16,0.0001866599999999,0.0
2021-11-17,0.0001105166666666,0.0
2021-11-18,0.0001041166666666,0.0
2021-11-19,0.0001,0.0
2021-11-20,0.0001,0.0
2021-11-21,0.0001,0.0
2021-11-22,0.0001,0.0
2021-11-23,0.0001096566666666,0.0
2021-11-24,0.0001067,0.0
2021-11-25,0.00014404,0.0
2021-11-26,0.0001920133333333,0.0
2021-11-27,0.0001027466666666,0.0
2021-11-28,0.0001,0.0
2021-11-29,0.0001359133333333,0.0
2021-11-30,0.0001593666666666,0.0
2021-12-01,0.0001727833333333,3487149530.412202
2021-12-02,0.0001198366666666,3432640692.156678
2021-12-03,0.0001629466666666,3443242128.040543
2021-12-04,6.392666666666667e-05,2332082104.2215137
2021-12-05,9.091e-05,1984356184.268978
2021-12-06,0.0001,1938943950.4065125
2021-12-07,7.992333333333333e-05,1997099677.1034
2021-12-08,0.0001,1996931154.550875
2021-12-09,0.0001,1986528240.3628075
2021-12-10,0.0001,1997699422.7887864
2021-12-11,0.0001,1920927673.1216943
2021-12-12,0.0001,2084645021.380784
2021-12-13,0.0001,2076595357.6766293
2021-12-14,6.115000000000001e-05,2034014021.6146588
2021-12-15,0.0001,2100973201.9764965
2021-12-16,0.0001,2264723532.74383
2021-12-17,8.226e-05,2351880389.660578
2021-12-18,8.913999999999999e-05,2432987280.88669
2021-12-19,9.026666666666667e-05,2637526492.518469
2021-12-20,0.0001,2773250864.714825
2021-12-21,9.728e-05,3275342619.194364
2021-12-22,0.0001,3510617804.2077794
2021-12-23,7.912666666666667e-05,3616426895.802528
2021-12-24,0.0001,3745341020.9003015
2021-12-25,0.0001,3729395663.261683
2021-12-26,0.0001,3704949081.992492
2021-12-27,0.0001,3759208389.1085176
2021-12-28,0.0001,3603905904.2965536
2021-12-29,0.0001,3567128173.7654643
2021-12-30,0.0001,3427884573.959703
2021-12-31,5.632666666666666e-05,3446304547.58608
2022-01-01,0.0001,3496934303.8755503
2022-01-02,0.0001,3476205329.116163
2022-01-03,0.0001,3563818871.42158
2022-01-04,0.0001,3724814155.847176
2022-01-05,0.0001,3727110226.6461406
2022-01-06,0.0001,3403966772.823059
2022-01-07,0.0001,3291339003.922377
2022-01-08,0.0001,3206450754.6973248
2022-01-09,0.0001,3248852823.920624
2022-01-10,8.174e-05,3199250634.9437995
2022-01-11,9.131333333333336e-05,3254621661.2999897
2022-01-12,-1.6300000000000007e-06,3366339584.862478
2022-01-13,-1.1956666666666669e-05,3357893298.326649
2022-01-14,-5.077666666666666e-05,3268479546.127171
2022-01-15,4.9810000000000006e-05,3241869525.538995
2022-01-16,3.453333333333333e-05,3228844708.413112
2022-01-17,6.132666666666667e-05,3211064674.0771136
2022-01-18,9.999333333333336e-05,3194356232.7333417
2022-01-19,8.324333333333332e-05,3175841409.468442
2022-01-20,0.0001,3276176585.213307
2022-01-21,7.583e-05,2920458089.0979166
2022-01-22,4.357e-05,2591839301.4446034
2022-01-23,2.390333333333333e-05,2611930831.2366605
2022-01-24,4.698e-05,2613703009.8717523
2022-01-25,2.706e-05,2750112407.4443154
2022-01-26,-1.7863333333333332e-05,2921300257.391085
2022-01-27,-7.536333333333334e-05,2676854186.97946
2022-01-28,3.184e-05,2681060397.495838
2022-01-29,3.723333333333333e-06,2861103228.4909763
2022-01-30,8.392000000000001e-05,2907297497.844939
2022-01-31,-1.363333333333333e-05,2976767563.844792
2022-02-01,-1.3809999999999998e-05,3117458259.6111746
2022-02-02,3.216e-05,2993894387.391946
2022-02-03,-2.693666666666667e-05,2895849588.216596
2022-02-04,9.636666666666669e-06,3132519782.589952
2022-02-05,9.152333333333336e-05,3360519155.075819
2022-02-06,0.0001,3382594102.7322407
2022-02-07,-9.586666666666667e-06,3412511397.5891857
2022-02-08,0.0001,3331303863.22835
2022-02-09,6.387333333333332e-05,3222568153.263525
2022-02-10,6.067000000000001e-05,3315265867.08643
2022-02-11,-2.9953333333333337e-05,3114698983.472065
2022-02-12,0.0001,3119422911.85073
2022-02-13,7.599333333333332e-05,3091161974.6349707
2022-02-14,6.343e-05,3130243852.03897
2022-02-15,2.567333333333333e-05,3358128592.859702
2022-02-16,0.0001,3357636386.403326
2022-02-17,0.0001,3238115439.1515102
2022-02-18,-1.4323333333333334e-05,3042577847.287942
2022-02-19,6.223666666666667e-05,3043854136.319234
2022-02-20,6.956666666666665e-06,2994047247.6586747
2022-02-21,-4.903333333333335e-06,2873011024.4825306
2022-02-22,-1.9883333333333333e-05,2812728500.085249
2022-02-23,-6.186000000000001e-05,2851882602.127123
2022-02-24,-6.26e-05,2650421474.4501987
2022-02-25,5.739333333333333e-05,2664306695.316073
2022-02-26,8.982e-05,2703338914.505201
2022-02-27,2.2496666666666664e-05,2634391003.147022
2022-02-28,-0.0001184633333333,2758545338.628776
2022-03-01,8.123e-05,3143775933.862955
2022-03-02,6.497666666666666e-05,3206368225.812559
2022-03-03,0.0001,3236050147.749052
2022-03-04,0.0001,3133299296.4205823
2022-03-05,7.218666666666667e-05,3001847203.6476226
2022-03-06,1.704e-05,2949876558.479294
2022-03-07,-3.947333333333333e-05,1866446193.6925583
2022-03-08,7.792666666666667e-05,2632326011.610661
2022-03-09,8.925333333333334e-05,3044370455.116492
2022-03-10,3.120333333333333e-05,2856811218.530695
2022-03-11,-4.424e-05,2772654485.39574
2022-03-12,-2.3466666666666657e-06,2818495364.9562173
2022-03-13,-3.661e-05,2906498084.869265
2022-03-14,-4e-05,2974172508.559822
2022-03-15,6.421e-05,2904266488.149904
2022-03-16,8.623666666666666e-05,2983918820.6751046
2022-03-17,0.0001,3080906212.691675
2022-03-18,7.220666666666666e-05,3081791631.208409
2022-03-19,0.0001,3223191034.484584
2022-03-20,0.0001,3225651745.110268
2022-03-21,2.9843333333333336e-05,3107676728.8638773
2022-03-22,0.0001,3265112310.4708543
2022-03-23,9.004666666666667e-05,3158588857.541454
2022-03-24,5.19e-06,3357437546.190462
2022-03-25,5.143000000000001e-05,3598823587.767664
2022-03-26,4.209333333333333e-05,3590324824.1064367
2022-03-27,1.0176666666666669e-05,3686153671.259512
2022-03-28,0.0001,3749920028.1574097
2022-03-29,9.864666666666669e-05,3709083274.729808
2022-03-30,0.0001,3680088236.9833775
2022-03-31,0.0001,3556994023.690943
2022-04-01,8.939666666666668e-05,3469191854.291786
2022-04-02,0.0001,3398818623.411939
2022-04-03,0.0001,3370886122.709909
2022-04-04,0.0001,3454713677.9469843
2022-04-05,0.0001,3532436608.419462
2022-04-06,9.966e-05,3548226482.765928
2022-04-07,7.473666666666668e-05,3565037772.478747
2022-04-08,8.102000000000001e-05,3576517536.8290963
2022-04-09,9.759666666666667e-05,3552267073.515995
2022-04-10,6.317333333333333e-05,3620055932.452459
2022-04-11,6.747666666666667e-05,3584830636.142336
2022-04-12,-7.936e-05,3396489223.039557
2022-04-13,-8.08e-06,3372588298.4084263
2022-04-14,4.324666666666666e-05,3341365791.9904428
2022-04-15,-4.113666666666667e-05,3368717400.900955
2022-04-16,4.532333333333334e-05,3321180590.1753635
2022-04-17,6.852666666666667e-05,3329258261.37599
2022-04-18,-8.621333333333333e-05,3364850366.4545307
2022-04-19,3.741e-05,3287452330.528446
2022-04-20,7.569e-05,3373027714.742026
2022-04-21,9.699999999999992e-07,3428525138.9015512
2022-04-22,-4.791e-05,3378220709.316485
2022-04-23,-9.489333333333334e-05,3436366327.718328
2022-04-24,-0.00012401,3446598875.6668005
2022-04-25,-3.176333333333333e-05,3385395236.890171
2022-04-26,0.0001,3343836195.983189
2022-04-27,-7.235333333333334e-05,3357343852.074176
2022-04-28,-4.199999999999998e-06,3255827248.9074926
2022-04-29,7.542666666666667e-05,3159891069.382704
2022-04-30,3.6366666666666673e-06,3248172369.921421
2022-05-01,4.166e-05,3240827690.2337213
2022-05-02,9.666666666666668e-05,3145670783.0058384
2022-05-03,0.0001,3265009839.8264422
2022-05-04,7.501333333333334e-05,3369199262.252688
2022-05-05,0.0001,3342567878.135425
2022-05-06,-4.999e-05,3269796702.720021
2022-05-07,4.793333333333334e-06,3282742056.347813
2022-05-08,5.7803333333333336e-05,3197132926.750257
2022-05-09,0.0001,2983266161.319486
2022-05-10,0.0001,2637565009.8590307
2022-05-11,3.669e-05,2464571383.372389
2022-05-12,-0.0002514866666666,2152596684.4111385
2022-05-13,-5.623333333333333e-06,2294403267.4087086
2022-05-14,0.0001,2173661854.9975367
2022-05-15,9.114333333333334e-05,2220757803.0370603
2022-05-16,7.941e-05,2274034121.9651794
2022-05-17,4.665e-05,2327893323.8875217
2022-05-18,-3.2720000000000005e-05,2275438391.668416
2022-05-19,4.249333333333333e-05,2408468277.2307835
2022-05-20,0.0001,2536232440.3847938
2022-05-21,6.699999999999998e-07,2395029435.4291177
2022-05-22,3.1156666666666666e-05,2476719926.042216
2022-05-23,0.0001,2590958611.4154687
2022-05-24,-3.385333333333333e-05,2514707814.5290365
2022-05-25,7.893e-05,2443371022.857878
2022-05-26,6.079e-05,2459389636.8873506
2022-05-27,0.0001,2393782490.638505
2022-05-28,9.570666666666668e-05,2381375763.968344
2022-05-29,0.0001,2471920191.108201
2022-05-30,0.0001,2772208043.922342
2022-05-31,0.0001,2831098686.522519
2022-06-01,0.0001,2725213915.473527
2022-06-02,9.733333333333334e-06,2544532848.183132
2022-06-03,7.009999999999998e-06,2553695456.0053115
2022-06-04,3.523666666666666e-05,2484630439.925459
2022-06-05,3.979666666666667e-05,2469631319.380965
2022-06-06,8.564e-05,2821983100.087943
2022-06-07,-1.3129999999999998e-05,2574363788.369436
2022-06-08,0.0001,2495435010.3040514
2022-06-09,9.702e-05,2496300189.906417
2022-06-10,7.597333333333333e-05,2533489458.180172
2022-06-11,2.9156666666666668e-05,2585371758.252967
2022-06-12,3.667333333333333e-05,2426885144.5480814
2022-06-13,6.180000000000001e-06,2018497733.3743312
2022-06-14,-3.711666666666666e-05,1862650889.0035336
2022-06-15,-3.3276666666666666e-05,1843852719.9856884
2022-06-16,-1.6386666666666667e-05,1870243780.480327
2022-06-17,-2.205333333333333e-05,1884771569.710004
2022-06-18,5.719333333333333e-05,1833108613.2342508
2022-06-19,2.3076666666666665e-05,1826142195.229928
2022-06-20,2.1376666666666665e-05,1890058554.219034
2022-06-21,5.665e-05,2021651991.038224
2022-06-22,-1.4813333333333334e-05,1924103815.8572795
2022-06-23,-1.7016666666666666e-05,1955634852.790341
2022-06-24,8.668666666666667e-05,2052903368.536263
2022-06-25,7.540333333333334e-05,2104285712.633695
2022-06-26,6.889666666666667e-05,2135267364.017976
2022-06-27,5.8183333333333336e-05,2057539008.515084
2022-06-28,-1.921333333333333e-05,2063255819.199777
2022-06-29,5.947333333333333e-05,2043439582.183185
2022-06-30,-6.904666666666666e-05,1937429209.3910704
2022-07-01,-4.5803333333333336e-05,1792031585.8494885
2022-07-02,1.475e-05,1785647572.4901743
2022-07-03,5.2e-05,1804175727.7897432
2022-07-04,4.89e-05,1948096988.7285664
2022-07-05,5.137e-05,2025775960.0824249
2022-07-06,9.457666666666668e-05,2047571355.1051824
2022-07-07,8.424666666666666e-05,2267557648.401564
2022-07-08,6.737333333333334e-05,2394470488.516819
2022-07-09,8.714333333333334e-05,2376651037.4950714
2022-07-10,9.987333333333332e-05,2301575564.097473
2022-07-11,6.759666666666666e-05,2145552314.0147383
2022-07-12,5.7010000000000005e-05,2140826675.901912
2022-07-13,-6.016666666666666e-06,2125299776.756236
2022-07-14,4.5026666666666674e-05,2180662798.125507
2022-07-15,4.086333333333333e-05,2329784654.343931
2022-07-16,4.950333333333333e-05,2354962243.85256
2022-07-17,8.915666666666667e-05,2429902761.1799903
2022-07-18,0.0001,2536886073.2967234
2022-07-19,0.0001,2563702691.400139
2022-07-20,9.372666666666669e-05,2769030128.369723
2022-07-21,0.0001,2622033664.300956
2022-07-22,8.390666666666666e-05,2676723902.113245
2022-07-23,6.688e-05,2696963110.964196
2022-07-24,7.354333333333333e-05,2626688156.1092634
2022-07-25,4.519e-05,2495766634.4896693
2022-07-26,7.437666666666666e-05,2336991521.1472883
2022-07-27,4.209e-05,2429773943.438626
2022-07-28,9.743e-05,2627476346.10684
2022-07-29,0.0001,2746791732.7694054
2022-07-30,0.0001,2829156729.864475
2022-07-31,8.760333333333334e-05,2745193243.736837
2022-08-01,8.816333333333335e-05,2687491434.5407925
2022-08-02,8.539333333333333e-05,2579012781.0213413
2022-08-03,2.5e-06,2700914972.3327312
2022-08-04,1.0076666666666666e-05,2580471942.405994
2022-08-05,3.527e-05,2558169121.550354
2022-08-06,8.492333333333335e-05,2549914533.8770123
2022-08-07,3.888e-05,2552929276.6774054
2022-08-08,7.596666666666667e-05,2832666228.745627
2022-08-09,9.306666666666667e-05,2719164562.9381223
2022-08-10,2.902333333333333e-05,2663102723.6203136
2022-08-11,7.372333333333333e-05,2896259232.955237
2022-08-12,2.3506666666666663e-05,2788664232.7628183
2022-08-13,2.35e-05,2953457326.869751
2022-08-14,1.1006666666666666e-05,2907224451.144366
2022-08-15,-1.3426666666666666e-05,2713073884.703291
2022-08-16,2.0896666666666663e-05,2614395739.4654737
2022-08-17,3.364e-05,2670242126.304964
2022-08-18,8.520666666666668e-05,2743016886.438395
2022-08-19,1.787333333333334e-05,2446563594.5603127
2022-08-20,-3.406333333333333e-05,2339654793.8515496
2022-08-21,-2.9266666666666665e-05,2358185020.424392
2022-08-22,-2.428666666666667e-05,2323023543.343237
2022-08-23,-2.1766666666666663e-05,2342943806.6844044
2022-08-24,-1.7939999999999998e-05,2402452116.3148475
2022-08-25,2.052e-05,2416788600.7774787
2022-08-26,1.3663333333333334e-05,2429886004.4052734
2022-08-27,-4.498e-05,2382645519.707964
2022-08-28,-4.199e-05,2383104662.888298
2022-08-29,-9.957333333333332e-05,2413517382.9393463
2022-08-30,-2.712e-05,2436108598.9263787
2022-08-31,2.88e-05,2318450884.857044
2022-09-01,5.095333333333333e-05,2335420569.15785
2022-09-02,3.948666666666667e-05,2358953551.7710767
2022-09-03,3.452666666666666e-05,2420318884.7725897
2022-09-04,2.723333333333333e-05,2540432689.901288
2022-09-05,4.089e-05,2521282327.014873
2022-09-06,1.1903333333333332e-05,2515923929.620572
2022-09-07,-3.1173333333333335e-05,2498978344.173352
2022-09-08,3.2046666666666666e-05,2335314833.449416
2022-09-09,7.104000000000001e-05,2755390559.2053103
2022-09-10,9.921333333333332e-05,2964549514.596735
2022-09-11,7.942333333333334e-05,3013172349.3348484
2022-09-12,9.415333333333334e-05,3156534728.1551914
2022-09-13,9.988333333333333e-05,2966784179.46574
2022-09-14,-7.406666666666667e-06,2435805382.878469
2022-09-15,3.712333333333334e-05,2352335412.936781
2022-09-16,5.1076666666666665e-05,2370652700.518559
2022-09-17,2.942333333333333e-05,2472892553.9849243
2022-09-18,5.9373333333333336e-05,2484015568.6580563
2022-09-19,-1.7026666666666667e-05,2264484616.3337994
2022-09-20,5.1296666666666666e-05,2245523266.7740498
2022-09-21,3.131666666666667e-05,2222051553.720716
2022-09-22,-3.649e-05,2253216003.4860034
2022-09-23,1.7373333333333332e-05,2364052985.774954
2022-09-24,3.3226666666666665e-05,2304760687.903376
2022-09-25,2.415e-05,2284770591.9013443
2022-09-26,2.511e-05,2374191039.1479616
2022-09-27,6.927333333333333e-05,2720483830.173615
2022-09-28,1.8006666666666665e-05,2495214372.692644
2022-09-29,6.669e-05,2532062153.5278745
2022-09-30,0.0001,2640150351.7718267
2022-10-01,6.734333333333334e-05,2437952321.122567
2022-10-02,5.154000000000001e-05,2448449396.8918786
2022-10-03,7.437333333333334e-05,2501401871.862388
2022-10-04,0.0001,3040861661.6535134
2022-10-05,0.0001,3286911435.74692
2022-10-06,0.0001,3254502814.2356305
2022-10-07,9.171e-05,3024079635.5545464
2022-10-08,5.114666666666666e-05,2830680785.929634
2022-10-09,2.324333333333333e-05,2836993628.576078
2022-10-10,7.436666666666667e-05,2889716500.233673
2022-10-11,0.0001,2950810025.2243385
2022-10-12,0.0001,2969454760.019379
2022-10-13,7.133999999999999e-05,2920443546.465532
2022-10-14,7.21e-05,2972471764.267814
2022-10-15,4.217333333333333e-05,2841272989.37092
2022-10-16,2.1966666666666668e-05,2830566457.568228
2022-10-17,3.876333333333333e-05,2910809155.8967457
2022-10-18,0.0001,3087775840.218456
2022-10-19,9.199333333333332e-05,2963596680.3556323
2022-10-20,6.038666666666667e-05,2931164049.537496
2022-10-21,2.767e-05,2969996353.2746334
2022-10-22,3.9206666666666665e-05,2873565978.6976624
2022-10-23,3.499e-05,2951910248.703645
2022-10-24,7.442666666666668e-05,2943084137.972891
2022-10-25,4.3933333333333335e-05,3023545890.5375323
2022-10-26,4.676666666666667e-05,3454655340.5463734
2022-10-27,-2.956666666666666e-06,3362639504.037606
2022-10-28,-1.0533333333333325e-06,3030245977.299117
2022-10-29,3.8146666666666665e-05,3140756171.891644
2022-10-30,1.944e-05,3108512509.2772503
2022-10-31,1.637333333333333e-05,2890334641.608488
2022-11-01,3.1200000000000006e-06,2769110950.6518087
2022-11-02,4.012e-05,2704600402.4652104
2022-11-03,3.353333333333333e-05,2620318818.459212
2022-11-04,4.1586666666666666e-05,2825266269.790865
2022-11-05,6.316666666666667e-05,3128573090.0347805
2022-11-06,7.696333333333332e-05,3065810856.5152826
2022-11-07,9.271e-05,2843611996.577041
2022-11-08,5.057666666666666e-05,2472083302.209831
2022-11-09,-0.00013185,2197516362.8294168
2022-11-10,-0.00084986,2204658199.0847225
2022-11-11,-0.0001084366666666,2103083418.492384
2022-11-12,3.1383333333333335e-05,1994891753.3957264
2022-11-13,-1.4026666666666667e-05,1954458307.184768
2022-11-14,-4.195333333333334e-05,1953501550.9589365
2022-11-15,-8.771333333333333e-05,1987262607.20888
2022-11-16,-6.237333333333334e-05,2030480527.2259817
2022-11-17,-4.127e-05,2072782911.777868
2022-11-18,1.7233333333333337e-06,2077458959.1862428
2022-11-19,4.094666666666667e-05,2009826814.2083893
2022-11-20,5.98e-06,1992449723.1127007
2022-11-21,2.994e-05,2029866227.20453
2022-11-22,8.096666666666667e-06,2049015730.851017
2022-11-23,6.338666666666667e-05,2088557155.389339
2022-11-24,4.568e-05,2063785278.415063
2022-11-25,1.2826666666666664e-05,2073038461.9222565
2022-11-26,1.6423333333333333e-05,2081770810.3161345
2022-11-27,5.936666666666664e-06,2085702004.1048355
2022-11-28,9.533333333333334e-06,2036026960.287876
2022-11-29,2.8486666666666663e-05,2083627218.244522
2022-11-30,5.6510000000000006e-05,2140449221.425866
2022-12-01,2.0093333333333336e-05,2208072814.990319
2022-12-02,2.425e-05,2194175289.111513
2022-12-03,6.141666666666666e-05,2196577477.3723297
2022-12-04,5.7306666666666665e-05,2278411709.3716927
2022-12-05,1.4633333333333324e-06,2292079604.117132
2022-12-06,2.8763333333333333e-05,1981490636.32778
2022-12-07,2.351e-05,1813375812.210192
2022-12-08,1.1673333333333334e-05,1836367378.363929
2022-12-09,2.794333333333333e-05,1915042049.27034
2022-12-10,-2.15e-06,1886925540.7434616
2022-12-11,8.313333333333334e-06,1890512350.9868824
2022-12-12,1.1246666666666669e-05,1776690009.143813
2022-12-13,4.991333333333333e-05,1873493619.118584
2022-12-14,0.0001,1942227792.14488
2022-12-15,8.393333333333333e-05,1932363259.4288988
2022-12-16,2.8536666666666667e-05,1775362310.1184683
2022-12-17,6.51e-05,1661237731.941291
2022-12-18,4.151666666666666e-05,1662083322.1235018
2022-12-19,4.819e-05,1653441354.275637
2022-12-20,3e-05,1610342934.423709
2022-12-21,6.367333333333335e-05,1610156923.5136528
2022-12-22,6.094333333333333e-05,1646165006.248182
2022-12-23,9.634333333333334e-05,1665166076.3825638
2022-12-24,6.99e-05,1659040321.0155802
2022-12-25,1.812e-05,1642646998.695101
2022-12-26,3.753333333333332e-06,1634985608.354327
2022-12-27,3.902666666666667e-05,1658239039.873433
2022-12-28,5.375666666666666e-05,1734782882.4036877
2022-12-29,9.505666666666667e-05,1776312017.738093
2022-12-30,9.044e-05,1792272651.107735
2022-12-31,0.0001,1779176510.2225049
2023-01-01,6.897e-05,1785509786.4924612
2023-01-02,-1.0580000000000002e-05,1786531595.026312
2023-01-03,7.433e-05,1777828696.4136367
2023-01-04,4.936e-05,1739287201.2720156
2023-01-05,5.7056666666666665e-05,1727055751.9104724
2023-01-06,6.945333333333333e-05,1749061250.1654043
2023-01-07,4.393e-05,1777121811.8942642
2023-01-08,7.703e-05,1785742026.506817
2023-01-09,2.0116666666666667e-05,1817876014.8117747
2023-01-10,5.077e-05,1834342784.8940136
2023-01-11,1.6756666666666665e-05,1975642476.1942928
2023-01-12,9.183e-05,1990991487.282944
2023-01-13,9.053333333333332e-05,2131145030.9022944
2023-01-14,0.00021531,1984290061.813116
2023-01-15,0.0001534599999999,1957337442.9015093
2023-01-16,0.0001,2009174905.365769
2023-01-17,0.0001,2107399028.670616
2023-01-18,0.0001,2152741667.2157087
2023-01-19,0.0001,2144989023.0651605
2023-01-20,0.0001,2252899546.5036187
2023-01-21,0.0001,2228191958.817919
2023-01-22,0.0001,2183142968.0552053
2023-01-23,0.0001,2157897643.5087056
2023-01-24,0.0001,2141949830.493989
2023-01-25,0.0001,2105240037.6879144
2023-01-26,0.0001,2042671673.2678096
2023-01-27,9.847e-05,2063782484.6633053
2023-01-28,0.0001,2075237268.0719304
2023-01-29,0.0001,2319509315.688206
2023-01-30,0.0001,2309674227.587971
2023-01-31,0.0001,2231192119.5693617
2023-02-01,0.0001,2265341452.909102
2023-02-02,0.0001,2345694108.99288
2023-02-03,0.0001,2326923154.046408
2023-02-04,0.0001,2283629659.3724995
2023-02-05,0.0001,2345279048.6465435
2023-02-06,0.0001,2369739475.5913444
2023-02-07,0.0001,2377625114.555452
2023-02-08,0.0001,2378118890.9447546
2023-02-09,0.0001,2368013383.1321845
2023-02-10,0.0001,2225272167.7360544
2023-02-11,6.165666666666668e-05,2247488417.4927263
2023-02-12,5.8710000000000005e-05,2207885948.6757846
2023-02-13,6.132333333333333e-05,2198437765.7867026
2023-02-14,9.629e-05,2216349908.493886
2023-02-15,4.692666666666667e-05,2406987313.1399508
2023-02-16,0.0001439033333333,2727920702.303249
2023-02-17,0.0001,2535073401.426086
2023-02-18,0.0001,2698551084.856042
2023-02-19,0.0001,2722465918.0120487
2023-02-20,0.0001,2700074447.315471
2023-02-21,0.0001,2765844009.539652
2023-02-22,0.0001,2619881966.386756
2023-02-23,5.7123333333333336e-05,2539395228.827803
2023-02-24,5.1223333333333335e-05,2494704701.8506527
2023-02-25,5.816666666666667e-06,2514147011.3372626
2023-02-26,5.571e-05,2534868731.401562
2023-02-27,5.388666666666667e-05,2454542092.1130624
2023-02-28,3.783e-05,2379821451.767732
2023-03-01,6.728333333333333e-05,2498367524.961925
2023-03-02,8.570000000000001e-05,2516114585.730882
2023-03-03,1.857e-05,2300409441.530085
2023-03-04,2.148666666666667e-05,2228703409.6513467
2023-03-05,2.0413333333333333e-05,2229427274.768414
2023-03-06,4.9760000000000005e-05,2297624812.4090595
2023-03-07,2.726333333333333e-05,2317631545.3877125
2023-03-08,5.577666666666667e-05,2359289678.61806
2023-03-09,0.0001,2328830460.2807293
2023-03-10,-3.338666666666666e-05,1941946720.5710363
2023-03-11,-7.576666666666667e-06,1869230889.777848
2023-03-12,1.798666666666667e-05,1922670742.4732857
2023-03-13,8.670333333333335e-05,2159269400.2929373
2023-03-14,0.0001828433333333,2568543032.0150943
2023-03-15,0.00018751,2411776641.842428
2023-03-16,0.0001,2481952702.470303
2023-03-17,7.770333333333335e-05,2945716206.127418
2023-03-18,0.0001,2895040246.9392867
2023-03-19,0.0001,2982687060.2549443
2023-03-20,9.693666666666668e-05,3133349662.559847
2023-03-21,3.221333333333334e-05,3118736159.0549927
2023-03-22,1.8693333333333333e-05,3063006259.966463
2023-03-23,3.052666666666667e-05,2930759151.0774474
2023-03-24,0.0001,2924596195.775285
2023-03-25,1.3566666666666669e-06,2716353507.2844825
2023-03-26,1.2300000000000024e-06,2791558326.04572
2023-03-27,1.6393333333333334e-05,2806670494.059066
2023-03-28,2.4086666666666664e-05,2729067168.182219
2023-03-29,7.724333333333334e-05,2991453218.522739
2023-03-30,4.5826666666666666e-05,3014445323.10527
2023-03-31,4.5486666666666666e-05,2919824643.535084
2023-04-01,9.613333333333334e-05,3048209109.11419
2023-04-02,5.311333333333333e-05,3005730403.179644
2023-04-03,2.069e-05,2859019947.0723524
2023-04-04,-2.8806666666666663e-05,2721325667.349853
2023-04-05,5.514e-05,2803326120.0289364
2023-04-06,6.883333333333332e-06,2780102732.912115
2023-04-07,1.953333333333334e-06,2818227899.4267216
2023-04-08,1.3086666666666666e-05,2846821666.9323325
2023-04-09,-2.69e-06,2846274872.7542715
2023-04-10,8.722333333333332e-05,3033343261.158524
2023-04-11,0.0001,3466879835.113744
2023-04-12,6.508000000000001e-05,3410223388.4123206
2023-04-13,7.030666666666667e-05,3414458390.3914847
2023-04-14,4.435666666666667e-05,3238992918.4181166
2023-04-15,4.493333333333333e-05,3058790506.7425995
2023-04-16,9.048e-05,3066374110.1069827
2023-04-17,9.125333333333334e-05,2967962078.7920804
2023-04-18,3.648333333333333e-05,2976610898.791202
2023-04-19,5.383333333333334e-05,2942272359.34544
2023-04-20,6.048333333333333e-05,2817719116.447977
2023-04-21,8.765666666666667e-05,2881305420.485841
2023-04-22,6.316e-05,2883979603.3156714
2023-04-23,2.504333333333333e-05,2883617073.041649
2023-04-24,3.667666666666667e-05,2832995495.197998
2023-04-25,6.737666666666667e-05,2814226466.3663816
2023-04-26,5.344e-05,2936755404.739364
2023-04-27,3.850666666666667e-05,2729935601.402459
2023-04-28,8.158666666666667e-05,2971962372.641752
2023-04-29,4.871333333333333e-05,2977287942.9315314
2023-04-30,4.237e-05,2969358924.900029
2023-05-01,-1.1230000000000004e-05,2879459026.457014
2023-05-02,2.769e-05,2940265246.084894
2023-05-03,6.568e-05,2826121659.5407186
2023-05-04,8.102000000000001e-05,2924996598.8606825
2023-05-05,7.396e-05,3000457410.59556
2023-05-06,0.0001,2970787267.963572
2023-05-07,4.804666666666667e-05,2868964722.2567043
2023-05-08,1.6763333333333333e-05,2901514638.50509
2023-05-09,4.109666666666666e-05,2968600655.4623747
2023-05-10,4.109666666666666e-05,2953318214.456169
2023-05-11,4.5763333333333336e-05,2880063146.7148952
2023-05-12,3.453e-05,2943221124.304108
2023-05-13,3.2896666666666666e-05,2893442877.8800488
2023-05-14,2.763666666666667e-05,2887713533.450894
2023-05-15,8.803333333333334e-06,2946630354.314708
2023-05-16,5.875e-05,2920896037.893881
2023-05-17,6.627333333333333e-05,2973783598.6530814
2023-05-18,9.447333333333334e-05,2896044051.1775613
2023-05-19,3.6683333333333335e-05,2826702347.3149004
2023-05-20,2.3063333333333337e-05,2822913753.867674
2023-05-21,5.703e-05,2856455976.090978
2023-05-22,2.6663333333333333e-05,2868844463.464997
2023-05-23,0.0001,2859869625.7362537
2023-05-24,5.476333333333333e-05,2970353757.048965
2023-05-25,8.606666666666667e-05,3008869808.1773667
2023-05-26,8.178666666666667e-05,2905202959.368822
2023-05-27,7.690666666666667e-05,2874344020.944742
2023-05-28,9.96e-05,3033672098.1044474
2023-05-29,0.0001,3101863173.01143
2023-05-30,6.361333333333334e-05,3096732018.6669683
2023-05-31,5.024333333333334e-05,3055634737.908018
2023-06-01,7.245666666666667e-05,3032386636.765909
2023-06-02,7.994e-05,3074105929.0839515
2023-06-03,7.662e-05,3070162365.952372
2023-06-04,8.283333333333335e-05,3070614268.0947065
2023-06-05,9.131333333333332e-05,3076632615.4349456
2023-06-06,-1.972e-05,3025805656.5063334
2023-06-07,8.001666666666667e-05,2819167067.015511
2023-06-08,4.201666666666667e-05,2761021385.1796026
2023-06-09,6.302666666666667e-05,2725604845.3141656
2023-06-10,4.991e-05,2693928986.420507
2023-06-11,4.524e-05,2633425856.636529
2023-06-12,5.116333333333333e-05,2612583810.590967
2023-06-13,7.561e-05,2665023522.766165
2023-06-14,2.938333333333333e-05,2668386100.0495825
2023-06-15,3.205e-05,2697946691.086603
2023-06-16,1.6626666666666664e-05,2704680963.77629
2023-06-17,9.137e-05,2760104628.532268
2023-06-18,6.214666666666667e-05,2776938442.521846
2023-06-19,5.709e-05,2822862822.265489
2023-06-20,4.35e-06,3094913664.1573424
2023-06-21,6.282e-05,3534366729.099786
2023-06-22,9.745333333333334e-05,3517605457.418781
2023-06-23,0.0001,3622044349.1212215
2023-06-24,0.0001,3500507488.298634
2023-06-25,0.0001,3515683148.1873584
2023-06-26,0.0001,3487422167.160124
2023-06-27,0.0001,3540322330.1065674
2023-06-28,7.966666666666667e-05,3432515129.345168
2023-06-29,8.624666666666668e-05,3522695848.363366
2023-06-30,0.0001,3512837521.6541333
2023-07-01,0.0001,3280417034.5369425
2023-07-02,0.0001,3340781961.875692
2023-07-03,0.0001,3490134909.062145
2023-07-04,0.0001,3628761453.641263
2023-07-05,0.0001,3458058128.6957235
2023-07-06,6.404e-05,3421757875.3708854
2023-07-07,1.4203333333333332e-05,3094627771.75221
2023-07-08,2.691333333333333e-05,3120515808.661848
2023-07-09,6.227e-05,3132485845.637139
2023-07-10,1.8876666666666665e-05,3146021644.3059664
2023-07-11,6.743e-05,3257825425.0478625
2023-07-12,6.056666666666666e-05,3384049788.7172046
2023-07-13,1.838e-05,3442509328.9888644
2023-07-14,0.0001,3355216652.3257146
2023-07-15,-4.406666666666667e-06,3056329338.205003
2023-07-16,4.782666666666667e-05,3058918498.077057
2023-07-17,5.1080000000000006e-05,3130534811.637701
2023-07-18,6.086e-05,3208375376.1652203
2023-07-19,7.638000000000001e-05,3167014291.8719587
2023-07-20,5.952e-05,3205345119.5129194
2023-07-21,2.457e-05,3240513993.1139627
2023-07-22,1.1053333333333331e-05,3184650741.535005
2023-07-23,7.426666666666666e-05,3092448329.218004
2023-07-24,8.112666666666668e-05,3171579315.920128
2023-07-25,8.026666666666666e-05,3224783119.0925884
2023-07-26,8.406333333333333e-05,3115703463.790986
2023-07-27,3.2806666666666665e-05,3241017378.890151
2023-07-28,7.016e-05,3198788706.717539
2023-07-29,7.365666666666667e-05,3177181823.911579
2023-07-30,6.022666666666667e-05,3172550712.297525
2023-07-31,5.99e-05,3190599825.288981
2023-08-01,7.689333333333333e-05,3207890104.255454
2023-08-02,0.0001,3330863926.1606936
2023-08-03,0.0001,3297143065.5276423
2023-08-04,9.372e-05,3286942498.6074343
2023-08-05,8.060333333333333e-05,3308590190.4511056
2023-08-06,0.0001,3236227628.303354
2023-08-07,9.223e-05,3244639036.4454327
2023-08-08,8.360000000000001e-05,3435395679.00226
2023-08-09,8.838e-05,3673634701.117921
2023-08-10,9.425666666666668e-05,3498559454.5539007
2023-08-11,9.041e-05,3484161613.7481256
2023-08-12,9.768333333333331e-05,3456803933.2141685
2023-08-13,8.212333333333333e-05,3405161715.595872
2023-08-14,0.0001,3232860773.535147
2023-08-15,0.0001,3228921655.7239428
2023-08-16,0.0001,3378801966.4691973
2023-08-17,0.0001,3298275920.0626698
2023-08-18,5.04e-05,2654804485.0505314
2023-08-19,-1.9606666666666663e-05,2383588501.764884
2023-08-20,-2.542e-05,2321202801.6177573
2023-08-21,-1.2e-05,2369962866.1785727
2023-08-22,2.706666666666667e-06,2353705164.0045323
2023-08-23,9.886666666666666e-06,2260738373.330707
2023-08-24,1.528e-05,2236553229.963692
2023-08-25,2.4536666666666665e-05,2237622588.521913
2023-08-26,3.75e-05,2198809500.459477
2023-08-27,1.7690000000000002e-05,2250327506.2288003
2023-08-28,2.851e-05,2282985794.385661
2023-08-29,-2.1136666666666664e-05,2395225492.4149203
2023-08-30,4.847666666666666e-05,2471566420.760391
2023-08-31,5.957666666666668e-05,2348723781.473202
2023-09-01,4.935e-05,2169853824.335263
2023-09-02,1.639e-05,2136872848.349706
2023-09-03,2.6546666666666668e-05,2104760476.706421
2023-09-04,1.0333333333333332e-05,2105090487.168038
2023-09-05,1.798e-05,2144531120.8767383
2023-09-06,3.6966666666666654e-06,2174700692.421481
2023-09-07,4.879e-05,2175915878.607165
2023-09-08,-9.013333333333332e-06,2194324001.7894974
2023-09-09,-1.337e-05,2162179819.6850104
2023-09-10,1.943333333333333e-05,2135591373.5371
2023-09-11,1.1203333333333332e-05,2177541138.3022885
2023-09-12,1.551e-05,2274853705.5037904
2023-09-13,2.2336666666666662e-05,2311048518.866812
2023-09-14,-2.863333333333335e-06,2374990511.209688
2023-09-15,1.3863333333333332e-05,2391062016.961486
2023-09-16,-2.954e-05,2324126406.8802795
2023-09-17,8.96e-06,2290130908.511248
2023-09-18,-2.2343333333333333e-05,2431599071.288192
2023-09-19,-4.2e-06,2489272710.6173844
2023-09-20,-2.460666666666667e-05,2479509403.160864
2023-09-21,3.901e-05,2485007965.102691
2023-09-22,1.0359999999999996e-05,2467926302.324988
2023-09-23,2.8136666666666668e-05,2432709766.808586
2023-09-24,2.0719999999999995e-05,2428896501.9753985
2023-09-25,4.032333333333333e-05,2396145547.441536
2023-09-26,1.6699999999999982e-06,2387088712.563859
2023-09-27,5.132e-05,2408569789.248555
2023-09-28,-1.8796666666666662e-05,2413647735.0156226
2023-09-29,-1.995e-05,2437784008.51321
2023-09-30,1.344e-05,2406214986.2417164
2023-10-01,-8.623333333333333e-06,2492344769.3820133
2023-10-02,1.694e-05,2571270537.7622747
2023-10-03,2.7796666666666668e-05,2458309946.0929
2023-10-04,3.124666666666667e-05,2431869561.373994
2023-10-05,-3.459e-05,2529396953.0296125
2023-10-06,-9.396666666666666e-06,2560628086.1776066
2023-10-07,2.352e-05,2561400320.34182
2023-10-08,2.150333333333333e-05,2570295788.070876
2023-10-09,5.115e-05,2548356746.2776937
2023-10-10,4.263666666666667e-05,2528733575.663198
2023-10-11,6.855666666666667e-05,2625754949.487886
2023-10-12,6.655e-05,2605379202.2258463
2023-10-13,2.2196666666666667e-05,2602981845.2295723
2023-10-14,1.5906666666666665e-05,2646467242.503451
2023-10-15,1.669e-05,2637931805.731321
2023-10-16,3.394333333333334e-05,2619452930.31001
2023-10-17,-2.046666666666668e-06,2550554421.590436
2023-10-18,-9.716666666666666e-06,2533332340.758213
2023-10-19,-4.2193333333333335e-05,2565549941.893538
2023-10-20,-1.5490000000000002e-05,2777938069.4949093
2023-10-21,2.872e-05,2792588112.4167404
2023-10-22,2.7536666666666667e-05,2825248264.3284497
2023-10-23,6.162666666666666e-05,2998480125.635559
2023-10-24,0.0001,2908154030.342376
2023-10-25,0.0001,2923191579.357043
2023-10-26,0.0001,2909723831.310919
2023-10-27,0.0001,2898551076.0164165
2023-10-28,0.0001,2899336248.401023
2023-10-29,0.0001,2992255718.2816043
2023-10-30,0.0001,2998604334.062933
2023-10-31,0.0001,2995918235.7847
2023-11-01,0.0001,3009500863.096876
2023-11-02,0.0001,2998546534.3604503
2023-11-03,0.0001,2863388229.0131903
2023-11-04,0.0001,2891703530.223847
2023-11-05,0.0001,3019349669.5844326
2023-11-06,0.0001,3047348334.916265
2023-11-07,0.0001,3118954297.424629
2023-11-08,0.0001,3132993475.1677914
2023-11-09,0.0001334233333333,3264672458.435489
2023-11-10,0.0001056066666666,2943979100.81461
2023-11-11,0.0001375166666666,2978531439.907629
2023-11-12,0.00022046,3017084620.480851
2023-11-13,0.00021284,3005389566.687586
2023-11-14,0.00016076,2928585602.0088263
2023-11-15,0.0001,2945276809.884241
2023-11-16,0.0001240433333333,3113556713.1822968
2023-11-17,0.0001,2874209117.085367
2023-11-18,0.0001,2882032638.078144
2023-11-19,0.0001,2927501837.4471426
2023-11-20,0.0001,3001592332.974693
2023-11-21,0.0001,3098034894.5310283
2023-11-22,0.0001,2918222921.674719
2023-11-23,0.0001,3042209472.3586392
2023-11-24,0.0001,3094267657.2765326
2023-11-25,0.0001,2993945315.3580136
2023-11-26,0.0001,2991631015.5059032
2023-11-27,0.0001,2957371084.964765
2023-11-28,0.0001,3011105627.230486
2023-11-29,0.0001,3147362282.344962
2023-11-30,0.0001,3144743707.9048867
2023-12-01,0.0001,3346111247.6876025
2023-12-02,8.488e-05,3381133532.854722
2023-12-03,0.0001,3236379444.754989
2023-12-04,0.0001,3461788899.4972343
2023-12-05,0.0001,3566571928.831831
2023-12-06,0.0001,3713041294.5052247
2023-12-07,0.0001,3723101824.444891
2023-12-08,0.0001784333333333,3686174612.549958
2023-12-09,0.0001961833333333,3608479297.563404
2023-12-10,0.0002167666666666,3637238248.197741
2023-12-11,0.0001157666666666,3252415958.267307
2023-12-12,0.0001,3196424203.514692
2023-12-13,0.0001155733333333,3307000305.309872
2023-12-14,0.0001,3330254768.8545218
2023-12-15,0.0001,3231652413.309419
2023-12-16,0.0001,3229831634.493685
2023-12-17,0.0001,3224231640.763029
2023-12-18,0.0001298866666666,3213687777.5422115
2023-12-19,0.0001,3334630344.287082
2023-12-20,0.0001471433333333,3413859688.070023
2023-12-21,0.0002843566666666,3538751165.704784
2023-12-22,0.0002614233333333,3489844529.5710907
2023-12-23,0.0001378366666666,3442321447.0894523
2023-12-24,0.0001683966666666,3431274982.581808
2023-12-25,0.0001930266666666,3374902251.36803
2023-12-26,0.0003223566666666,3376492234.3508782
2023-12-27,0.0003262233333333,3347928788.847135
2023-12-28,0.00033684,3239877835.058629
2023-12-29,0.0005072133333333,3204572798.618396
2023-12-30,0.0003815166666666,3224200217.49384
2023-12-31,0.0003200833333333,3196137726.1997104
2024-01-01,0.00032741,3209448754.177244
2024-01-02,0.00051585,3614320982.5234594
2024-01-03,0.00016094,3271909592.216862
2024-01-04,0.0001,3049133921.701258
2024-01-05,0.0001,3018107487.4423923
2024-01-06,0.0001,2980539520.1899323
2024-01-07,0.0001,3107343694.4758577
2024-01-08,0.0001,3249955314.3264856
2024-01-09,0.0001,3437704414.079179
2024-01-10,0.0001,3243923793.48198
2024-01-11,0.0001,3243891234.143207
2024-01-12,0.0001,3423809968.321253
2024-01-13,0.0001,3224559964.734092
2024-01-14,0.0001,3253020130.244095
2024-01-15,0.0001,3233240766.4806805
2024-01-16,0.0001,3202087287.107568
2024-01-17,0.0001,3220785775.9066887
2024-01-18,0.0001,3239407224.207246
2024-01-19,0.0001,3212074548.076336
2024-01-20,0.0001,3104992682.206698
2024-01-21,0.0001,3113497077.270815
2024-01-22,0.0001,3125237064.2128057
2024-01-23,0.0001,3027104405.250113
2024-01-24,0.0001,3036741694.055685
2024-01-25,0.0001,3106228024.8536243
2024-01-26,0.0001,3238234191.9665704
2024-01-27,9.088666666666666e-05,3290491184.139924
2024-01-28,8.241666666666667e-05,3245226813.9725623
2024-01-29,9.714e-05,3233256554.49972
2024-01-30,8.213666666666667e-05,3350679966.9222746
2024-01-31,7.384666666666667e-05,3166906670.5021453
2024-02-01,0.0001,3128440033.520709
2024-02-02,0.0001,3215017934.551769
2024-02-03,8.232333333333334e-05,3253737848.493757
2024-02-04,9.051e-05,3292704158.8473377
2024-02-05,0.0001,3376229492.7151504
2024-02-06,8.907666666666668e-05,3458253915.242308
2024-02-07,7.068666666666666e-05,3459350086.9881744
2024-02-08,6.375e-05,3809464424.756626
2024-02-09,7.653666666666667e-05,3941369252.7782974
2024-02-10,9.347e-05,4019661277.7035775
2024-02-11,0.0001,4259492959.5752697
2024-02-12,0.0001,4430841433.512177
2024-02-13,0.0001,4543945537.841535
2024-02-14,0.00010761,4548210525.149908
2024-02-15,0.0001,4659493592.618154
2024-02-16,0.0001,4611121445.169252
2024-02-17,0.0001201366666666,4554061975.590574
2024-02-18,0.0001654666666666,4484876638.647997
2024-02-19,0.0001866166666666,4532269929.4353895
2024-02-20,0.0001387733333333,4606542223.152078
2024-02-21,0.00010414,4551484655.310377
2024-02-22,0.0001201233333333,4475391706.454016
2024-02-23,0.0001099699999999,4485836249.441479
2024-02-24,0.0001,4499555224.529346
2024-02-25,0.0001383733333333,4498721626.535889
2024-02-26,0.00025185,4537151917.887287
2024-02-27,0.00042916,4606265037.98017
2024-02-28,0.0003464966666666,4751513332.895333
2024-02-29,0.0006748633333333,4666083599.380236
2024-03-01,0.0005471866666666,4584898852.414005
2024-03-02,0.0004899866666666,4547020665.856031
2024-03-03,0.00044618,4618723999.892101
2024-03-04,0.0005517466666666,5214004233.697712
2024-03-05,0.00073359,5295907332.358726
2024-03-06,0.0003983666666666,4875671411.077015
2024-03-07,0.0004183733333333,4972562918.822483
2024-03-08,0.0004707633333333,5053483014.6617
2024-03-09,0.0002560733333333,5021360295.86047
2024-03-10,0.0004964666666666,5362154429.660719
2024-03-11,0.0006010433333333,5616717653.187111
2024-03-12,0.0004590166666666,5711447788.766874
2024-03-13,0.00047682,5839725316.404379
2024-03-14,0.0003380133333333,5964860495.908423
2024-03-15,0.0002271633333333,5378817588.798797
2024-03-16,0.0001800499999999,5369814506.337056
2024-03-17,0.00018563,5235225112.14776
2024-03-18,0.0002599099999999,5360610183.324249
2024-03-19,0.0002666866666666,5146442231.488351
2024-03-20,0.00014745,4982806037.445057
2024-03-21,0.0001640566666666,5122646154.353902
2024-03-22,0.0001275466666666,4884440308.489802
2024-03-23,0.0001026866666666,4763940783.521722
2024-03-24,0.00013617,4932540023.479474
2024-03-25,0.0002356266666666,5332301588.285024
2024-03-26,0.0002235833333333,5543931244.740983
2024-03-27,0.0003397966666666,5702793814.033726
2024-03-28,0.0002784133333333,5833770312.132884
2024-03-29,0.0002462533333333,5793342909.456111
2024-03-30,0.0002875033333333,5658304958.883636
2024-03-31,0.0003751366666666,5775490420.2048
2024-04-01,0.0004370699999999,5830151847.078932
2024-04-02,0.0001246066666666,5292842046.328774
2024-04-03,0.0001,5263549304.765444
2024-04-04,0.0001,5345920379.902607
2024-04-05,0.0001,5168955062.797914
2024-04-06,0.0001,5164459017.541083
2024-04-07,0.0001,5487143860.108727
2024-04-08,0.0001839633333333,5733977675.443575
2024-04-09,0.0002019299999999,5660640743.898121
2024-04-10,0.00011462,5521394602.397927
2024-04-11,0.0001796499999999,5759800271.681591
2024-04-12,0.0001636733333333,5757533301.228184
2024-04-13,0.0001,5121656006.341201
2024-04-14,0.0001,4297408678.521554
2024-04-15,7.253e-05,4407543795.8892975
2024-04-16,6.330333333333333e-05,4170049611.9138174
2024-04-17,5.494333333333333e-05,4154448674.00076
2024-04-18,3.195e-05,4231839247.763316
2024-04-19,3.133666666666667e-05,4239884748.7333655
2024-04-20,4.479333333333333e-05,4248265879.0242233
2024-04-21,3.1213333333333335e-05,4370504952.452754
2024-04-22,2.601333333333333e-05,4473145316.023756
2024-04-23,9.736666666666668e-06,4603434762.679503
2024-04-24,4.587333333333333e-05,4537324622.196307
2024-04-25,4.076333333333333e-05,4425976173.937504
2024-04-26,2.652e-05,4310188170.549376
2024-04-27,6.768e-05,4256272829.650304
2024-04-28,5.6900000000000014e-06,4296511305.235358
2024-04-29,4.948e-05,4232847380.531496
2024-04-30,9.631333333333332e-05,4356171452.215654
2024-05-01,9.616e-05,4161514913.262315
2024-05-02,4.2266666666666666e-05,4030567939.29629
2024-05-03,9.259999999999998e-06,4206925489.08392
2024-05-04,5.474333333333334e-05,4679926704.807295
2024-05-05,3.815333333333334e-05,4590323354.080589
2024-05-06,2.439e-05,4674816986.86324
2024-05-07,5.5576666666666666e-05,4548069327.36497
2024-05-08,6.578666666666666e-05,4446644039.188085
2024-05-09,5.405333333333333e-05,4327124169.633906
2024-05-10,4.8710000000000006e-05,4461726715.738163
2024-05-11,5.906333333333333e-05,4332228392.222836
2024-05-12,5.144666666666666e-05,4295091709.944159
2024-05-13,9.206666666666666e-05,4416794357.808471
2024-05-14,8.086e-05,4303781696.635426
2024-05-15,3.996e-05,4464607972.543455
2024-05-16,3.598e-05,4823456434.600925
2024-05-17,1.7213333333333333e-05,4822849102.2974825
2024-05-18,2.616e-05,5013915725.747861
2024-05-19,4.4426666666666666e-05,5081916172.701373
2024-05-20,3.546e-05,5177718285.858303
2024-05-21,0.0001017233333333,5442430338.503506
2024-05-22,0.0001191966666666,5484157154.995377
2024-05-23,0.0001,5231722184.269883
2024-05-24,0.0001,4830182305.971449
2024-05-25,0.0001,4931851277.534504
2024-05-26,0.0001,4962778593.867512
2024-05-27,0.0001,4959498267.119993
2024-05-28,0.0001,4966365783.198089
2024-05-29,0.0001085266666666,5044903159.266304
2024-05-30,0.0001,5134817621.820108
2024-05-31,0.00012289,5114570861.27336
2024-06-01,0.0001008333333333,5169240902.275092
2024-06-02,0.0001,5167673275.03491
2024-06-03,0.0001137833333333,5399247932.468365
2024-06-04,0.0001066933333333,5557615468.86689
2024-06-05,0.0001320433333333,5927691503.338057
2024-06-06,0.0001073599999999,5904642162.797733
2024-06-07,0.0001005533333333,5923130901.5348425
2024-06-08,0.0001,5742720775.432694
2024-06-09,0.0001,5802378622.818735
2024-06-10,0.0001,5909494540.837227
2024-06-11,0.0001,5696347088.216208
2024-06-12,0.0001,5612315309.275281
2024-06-13,0.0001,5453356647.356735
2024-06-14,0.0001,5412452821.057692
2024-06-15,0.0001,5287157623.539349
2024-06-16,0.0001,5390226886.74039
2024-06-17,0.0001,5317650139.355469
2024-06-18,9.412e-05,5181983806.4005
2024-06-19,5.698000000000001e-05,5015371395.024918
2024-06-20,5.588666666666667e-05,4950750403.917333
2024-06-21,6.890666666666668e-05,4901077127.087786
2024-06-22,8.048666666666667e-05,4993178535.042956
2024-06-23,5.661e-05,5001823235.665466
2024-06-24,9.007333333333334e-05,4871228525.709533
2024-06-25,7.049333333333334e-05,4667497673.090351
2024-06-26,0.0001,4643289872.274105
2024-06-27,0.0001,4600310775.710802
2024-06-28,0.0001,4669351624.934986
2024-06-29,0.0001,4819564829.154535
2024-06-30,0.0001,5084568669.40003
2024-07-01,0.0001,5242058348.836048
2024-07-02,0.0001,5247179621.58677
2024-07-03,0.0001,5229393852.244683
2024-07-04,0.0001,5199491882.200184
2024-07-05,7.254000000000001e-05,4702779253.652352
2024-07-06,5.497e-05,4647192464.567204
2024-07-07,9.388e-05,4650900311.085014
2024-07-08,8.709e-05,4473244582.013981
2024-07-09,6.953666666666667e-05,4479261342.2477455
2024-07-10,8.236666666666666e-05,4091840167.940523
2024-07-11,0.0001,4046288643.090039
2024-07-12,4.480333333333334e-05,4124647003.061226
2024-07-13,8.394666666666668e-05,3984559805.442114
2024-07-14,6.929666666666666e-05,3669846742.099848
2024-07-15,2.426e-05,4883862979.840652
2024-07-16,2.156333333333333e-05,5385913697.025005
2024-07-17,1.6633333333333326e-06,5348775644.64172
2024-07-18,1.7873333333333334e-05,5078835488.069462
2024-07-19,4.496666666666666e-05,5229437092.198929
2024-07-20,1.6300000000000007e-06,5508129139.668557
2024-07-21,-8.243333333333335e-06,5546741239.917345
2024-07-22,5.9526666666666674e-05,5489574651.427382
2024-07-23,4.553666666666667e-05,5440148149.779255
2024-07-24,0.0001,5437436922.790554
2024-07-25,0.0001,5360032229.494734
2024-07-26,7.780000000000001e-05,5755090400.886252
2024-07-27,7.892666666666666e-05,5868714799.877225
2024-07-28,6.720333333333333e-05,5811730628.407603
2024-07-29,7.994666666666666e-05,6088367494.255357
2024-07-30,4.883e-05,5543948417.466201
2024-07-31,4.689e-05,5437296769.976618
2024-08-01,9.402666666666668e-05,5532223501.544854
2024-08-02,0.0001,5631929773.26414
2024-08-03,8.011666666666667e-05,5320463705.674162
2024-08-04,8.447666666666668e-05,5247368581.449692
2024-08-05,6.798666666666666e-05,4140927990.515218
2024-08-06,1.7353333333333332e-05,4245423610.577036
2024-08-07,-1.4493333333333334e-05,4384010805.507108
2024-08-08,2.29e-05,4433423152.65722
2024-08-09,4.008e-05,4527159653.800001
2024-08-10,-2.423333333333333e-05,4299487981.8986845
2024-08-11,1.1316666666666666e-05,4342406543.329147
2024-08-12,2.5526666666666667e-05,4056431336.8558536
2024-08-13,9.196666666666666e-06,4159093836.3401785
2024-08-14,-2.663e-05,4531245862.869281
2024-08-15,-2.776666666666667e-05,4665964934.335557
2024-08-16,-6.392999999999999e-05,4833034444.484855
2024-08-17,1.979e-05,4897831829.061508
2024-08-18,-1.6866666666666652e-06,4977205440.779125
2024-08-19,-4.1076666666666666e-05,4842940873.85975
2024-08-20,3.7333333333333313e-07,5043588355.916626
2024-08-21,-2.317e-05,4989917288.673917
2024-08-22,-2.717333333333333e-05,5108797170.076353
2024-08-23,-1.7516666666666668e-05,5288423818.156165
2024-08-24,1.633333333333333e-05,5594613624.71294
2024-08-25,-1.0763333333333332e-05,5661726863.91422
2024-08-26,3.225333333333333e-05,5504988581.307127
2024-08-27,4.099666666666667e-05,5291004794.577968
2024-08-28,-1.0756666666666666e-05,4799670869.767094
2024-08-29,-6.87e-06,4864911538.363211
2024-08-30,2.4803333333333334e-05,4810079168.6361
2024-08-31,1.876333333333333e-05,4774430001.980204
2024-09-01,9.966666666666682e-07,4799430335.42412
2024-09-02,-1.167e-05,4825283929.324014
2024-09-03,5.322e-05,4939703566.320583
2024-09-04,5.9633333333333336e-06,4626804709.401379
2024-09-05,4.510333333333333e-05,4747137027.016278
2024-09-06,1.2356666666666665e-05,4689563781.87483
2024-09-07,-5.142333333333334e-05,4572953559.79807
2024-09-08,-2.4996666666666667e-05,4561637954.912338
2024-09-09,-6.189333333333333e-05,4833666940.608029
2024-09-10,-3.361333333333333e-05,4963442366.198857
2024-09-11,-5.470666666666668e-05,4921361261.889065
2024-09-12,-1.8156666666666665e-05,5061627391.870584
2024-09-13,-1.127e-05,5123350186.071141
2024-09-14,-1.838e-05,5334758994.471749
2024-09-15,-2.9333333333333337e-07,5275268320.001019
2024-09-16,4.242666666666667e-05,4989326101.330995
2024-09-17,5.255666666666666e-05,5076564742.775506
2024-09-18,2.5566666666666664e-05,5056266590.532651
2024-09-19,3.511e-05,5447824785.608448
2024-09-20,4.3683333333333336e-05,5535376502.031225
2024-09-21,7.624e-05,5503813368.89822
2024-09-22,7.025333333333333e-05,5421465421.729828
2024-09-23,4.4046666666666666e-05,5629221192.739574
2024-09-24,1.679e-05,5702441362.60561
2024-09-25,1.2333333333333333e-05,5732245217.045734
2024-09-26,5.965333333333333e-05,5677939102.342411
2024-09-27,6.332333333333334e-05,5771540537.479821
2024-09-28,5.056333333333334e-05,5644142668.569195
2024-09-29,3.702e-05,5596525048.776254
2024-09-30,7.005333333333334e-05,5648631423.14404
2024-10-01,0.0001,5519868238.213649
2024-10-02,7.744e-05,5172587258.918352
2024-10-03,4.3723333333333335e-05,5086482981.257058
2024-10-04,3.153e-05,5293354656.006129
2024-10-05,1.1766666666666667e-06,5248692200.636003
2024-10-06,2.68e-05,5309404097.072004
2024-10-07,1.9326666666666662e-05,5497672245.969942
2024-10-08,4.505333333333333e-05,5346243844.366806
2024-10-09,7.692333333333333e-05,5352603794.036617
2024-10-10,4.540666666666667e-05,5263403036.487667
2024-10-11,1.5900000000000009e-06,5270225444.600767
2024-10-12,3.5776666666666666e-05,5569263330.462723
2024-10-13,2.0896666666666663e-05,5510048824.538692
2024-10-14,8.476333333333334e-05,5616034962.340169
2024-10-15,0.0001,5665777584.289356
2024-10-16,8.941666666666668e-05,5765046671.313021
2024-10-17,0.0001,5685430430.567079
2024-10-18,0.0001,5820834000.527276
2024-10-19,0.0001,5908198459.343314
2024-10-20,0.0001,5965292869.209568
2024-10-21,0.0001,6009845088.060555
2024-10-22,0.0001,5863755694.959433
2024-10-23,0.0001,5728636893.95359
2024-10-24,0.0001,5724521493.856327
2024-10-25,0.0001,5707884324.7787895
2024-10-26,7.441333333333333e-05,5426969868.661299
2024-10-27,9.908e-05,5487318131.416068
2024-10-28,9.457e-05,5823439085.954537
2024-10-29,0.0001,6513929464.237369
2024-10-30,0.0001,6478772205.373424
2024-10-31,0.0001,6446602014.381916
2024-11-01,0.0001,6133219643.546407
2024-11-02,0.0001,5893739457.618842
2024-11-03,0.0001,5792461603.285264
2024-11-04,0.0001,5765866327.673743
2024-11-05,0.0001,5769868430.96814
2024-11-06,0.0001,6477851005.257214
2024-11-07,0.0001,6719758472.592766
2024-11-08,0.0001,6808780420.391458
2024-11-09,0.0001,6791061925.640161
2024-11-10,0.0001657199999999,6903705501.784998
2024-11-11,0.0001895933333333,7292816330.388055
2024-11-12,0.0004387466666666,7523074118.259345
2024-11-13,0.0001498566666666,7517019995.364301
2024-11-14,0.0001,7619405139.335405
2024-11-15,0.0001032566666666,7578045782.190529
2024-11-16,0.00011077,7693895721.2477
2024-11-17,0.00012114,7664281680.11421
2024-11-18,0.0002258933333333,7693329757.043957
2024-11-19,0.0002326033333333,7892182227.88697
2024-11-20,0.0001,8183778320.736932
2024-11-21,0.0001,8768679506.574974
2024-11-22,0.0001,8996057401.32707
2024-11-23,0.0001,8892950753.407463
2024-11-24,0.0001645866666666,8708985080.497124
2024-11-25,0.00018756,8637595936.38102
2024-11-26,0.0002314566666666,8303588982.859789
2024-11-27,0.0001933333333333,8254351590.977079
2024-11-28,0.0001206166666666,8257715762.663557
2024-11-29,0.0001809566666666,8426672372.829557
2024-11-30,0.0001265733333333,8447288228.45515
2024-12-01,0.0001516066666666,8406549779.728969
2024-12-02,0.00021223,8391319892.877319
2024-12-03,0.0001655233333333,8334815575.698851
2024-12-04,0.0002537399999999,8570589886.068096
2024-12-05,0.0004904333333333,9618982686.86184
2024-12-06,0.0001154466666666,9007448526.005646
2024-12-07,0.0001947866666666,8874588533.484217
2024-12-08,0.0001704566666666,8891927900.300272
2024-12-09,0.0002085333333333,8862868537.13623
2024-12-10,0.0001,8641039483.781363
2024-12-11,0.0001,9005343381.992613
2024-12-12,0.0001,9384703798.993862
2024-12-13,0.0001,9178588675.519669
2024-12-14,8.916666666666666e-05,9429999533.84562
2024-12-15,9.398e-05,9824696476.684317
2024-12-16,9.727e-05,10075663868.987349
2024-12-17,9.288666666666669e-05,10045868313.69794
2024-12-18,9.719666666666666e-05,9514026566.398392
2024-12-19,0.0001,9268969072.931932
2024-12-20,0.0001,8852659348.28061
2024-12-21,7.068666666666668e-05,8588698002.555884
2024-12-22,9.876333333333334e-05,8435394426.801483
2024-12-23,9.660333333333332e-05,8418931120.566359
2024-12-24,0.0001,8712761928.105871
2024-12-25,0.0001,9019283449.609608
2024-12-26,8.621666666666667e-05,8693229126.75018
2024-12-27,0.0001,8560861118.961517
2024-12-28,7.604e-05,8546675499.459737
2024-12-29,9.337666666666668e-05,8565776062.399756
2024-12-30,6.249666666666667e-05,8511570940.149512
2024-12-31,0.0001,8583147987.187203
2025-01-01,0.0001,8599591630.372953
2025-01-02,0.0001,8944458704.475082
2025-01-03,8.414e-05,8883260522.12073
2025-01-04,6.165666666666668e-05,8695044649.650948
2025-01-05,9.44e-05,8105033288.312242
2025-01-06,0.0001,9255274682.909355
2025-01-07,9.060666666666666e-05,9207252660.051985
2025-01-08,0.0001,8341398932.399736
2025-01-09,6.43e-05,8391008252.589817
2025-01-10,3.661333333333333e-05,8340951208.984083
2025-01-11,4.1143333333333336e-05,8316518917.275029
2025-01-12,4.955333333333333e-05,8324115238.508375
2025-01-13,4.3786666666666665e-05,8128132606.245595
2025-01-14,9.832e-05,8140328479.200112
2025-01-15,6.542666666666667e-05,8456946061.80181
2025-01-16,4.298e-05,8567830566.167843
2025-01-17,5.805e-05,9116005356.598894
2025-01-18,8.902333333333334e-05,9261856919.934387
2025-01-19,0.0001,9253191850.948029
2025-01-20,0.0001,8994195828.572954
2025-01-21,0.0001,8947380123.48368
2025-01-22,0.0001,8984271583.198425
2025-01-23,9.09e-05,8684134703.207773
2025-01-24,5.8036666666666666e-05,8596527015.432688
2025-01-25,7.326333333333333e-05,8514092763.009055
2025-01-26,8.935333333333333e-05,8601186275.214787
2025-01-27,4.298e-05,8561147582.471202
2025-01-28,7.854e-05,8331785282.686086
2025-01-29,9.983e-05,8308909131.018773
2025-01-30,9.029666666666666e-05,8775846066.503899
2025-01-31,7.075e-05,8576211335.459612
2025-02-01,6.478333333333334e-05,8483638759.56988
2025-02-02,2.7810000000000003e-05,8333096481.0747
2025-02-03,8.281666666666667e-05,7688944446.948432
2025-02-04,4.516666666666666e-05,7704289071.441912
2025-02-05,1.974333333333333e-05,7452935222.02705
2025-02-06,2.617e-05,7412861974.977351
2025-02-07,6.713e-05,7383949064.759045
2025-02-08,-8.796666666666667e-06,7350642559.086692
2025-02-09,5.437333333333333e-05,7274093826.790275
2025-02-10,6.145e-05,7381149284.110946
2025-02-11,2.954e-05,7507847321.264215
2025-02-12,3.719e-05,7619450738.652325
2025-02-13,4.974e-05,7593132370.706446
2025-02-14,5.567666666666667e-05,7568990268.87267
2025-02-15,2.362333333333333e-05,7508607644.490177
2025-02-16,2.457e-05,7440125687.427542
2025-02-17,4.881666666666667e-05,7423648960.015535
2025-02-18,9.829333333333334e-05,7636689676.772007
2025-02-19,7.915333333333333e-05,7608357061.890263
2025-02-20,4.345e-05,7733711655.237315
2025-02-21,7.706666666666667e-06,7941212614.280553
2025-02-22,6.261333333333333e-05,7790790130.304796
2025-02-23,2.91e-05,7686904882.983215
2025-02-24,1.987e-05,7957888862.706916
2025-02-25,5.543333333333334e-05,7906173401.323632
2025-02-26,6.508666666666666e-05,7423475707.771473
2025-02-27,6.040333333333334e-05,6930245188.191301
2025-02-28,6.197333333333333e-05,6696994087.223997
2025-03-01,-2.326666666666667e-05,6731325128.32104
2025-03-02,-2.248666666666667e-05,6975957662.073768
2025-03-03,1.8166666666666656e-06,6801272900.936665
2025-03-04,-1.6333333333333329e-06,5940966729.500135
2025-03-05,3.954333333333333e-05,6152449700.1571245
2025-03-06,5.589666666666667e-05,6324103646.787331
2025-03-07,-4.1000000000000004e-07,6056643547.69583
2025-03-08,2.303e-05,5956966459.071682
2025-03-09,3.479666666666667e-05,5908473459.904157
2025-03-10,3.111e-05,5628499637.911299
2025-03-11,5.570333333333333e-05,5670587354.338613
2025-03-12,3.467999999999999e-05,5784505189.262548
2025-03-13,1.896333333333333e-05,5816563587.553288
2025-03-14,3.691333333333333e-05,5994913526.764965
2025-03-15,-2.915e-05,6063431791.305532
2025-03-16,1.9716666666666667e-05,5878657843.541163
2025-03-17,3.4660000000000004e-05,5843656408.9814
2025-03-18,2.092e-05,5802597867.025704
2025-03-19,3.7283333333333336e-05,5999429657.041691
2025-03-20,2.273333333333333e-05,6289982167.018382
2025-03-21,3.152333333333333e-05,5940281861.455074
2025-03-22,2.0526666666666668e-05,5950607854.023029
2025-03-23,1.978333333333333e-05,6009215123.413491
2025-03-24,1.3763333333333333e-05,6713756451.190927
2025-03-25,-9.576666666666666e-06,6608450880.694708
2025-03-26,-1.471e-05,6369453937.161037
2025-03-27,1.6293333333333332e-05,6182531772.400657
2025-03-28,3.081666666666667e-05,6135332293.086287
2025-03-29,5.369333333333333e-05,5966431610.459972
2025-03-30,1.7853333333333334e-05,5849469227.322384
2025-03-31,3.502666666666667e-05,5770291359.467403
2025-04-01,3.474333333333333e-05,5907446334.078386
2025-04-02,5.523333333333333e-06,6083624849.085606
2025-04-03,5.7946666666666665e-05,5771742459.590761
2025-04-04,5.685666666666666e-05,5978022042.802256
2025-04-05,5.467999999999999e-05,6065591790.865445
2025-04-06,1.6603333333333334e-05,5863844345.380895
2025-04-07,5.600333333333334e-05,5624903682.85709
2025-04-08,3.594333333333333e-05,5602573749.653463
2025-04-09,4.724e-05,5866004785.014592
2025-04-10,4.864666666666667e-05,5955464970.504468
2025-04-11,3.5366666666666674e-06,6196840442.794825
2025-04-12,4.894e-05,6650399504.887331
2025-04-13,7.709333333333334e-05,6758759472.002922
2025-04-14,5.889333333333333e-05,6555883218.944818
2025-04-15,2.138666666666667e-05,6549640013.138333
2025-04-16,3.7743333333333335e-05,6548773425.463442
2025-04-17,3.502666666666666e-05,6545534688.364426
2025-04-18,3.951333333333333e-05,6503947833.117828
2025-04-19,2.3336666666666663e-05,6682805624.115459
2025-04-20,-1.2113333333333331e-05,6646967306.459576
2025-04-21,4.062666666666667e-05,7234413713.323565
2025-04-22,-1.333333333333321e-07,7750355538.324897
2025-04-23,1.524e-05,7846822785.71421
2025-04-24,1.246666666666666e-06,7629529676.383517
2025-04-25,-4.913333333333333e-06,7931850135.034498
2025-04-26,-3.3346666666666664e-05,7982617968.847833
2025-04-27,-8.603333333333335e-06,7925323937.937097
2025-04-28,-1.734e-05,7837242980.541233
2025-04-29,3.15e-06,7790184914.605739
2025-04-30,-2.013e-05,7705570598.904349
2025-05-01,4.153333333333333e-06,8086837066.070936
2025-05-02,-0.00010101,8448135361.326778
2025-05-03,-1.4126666666666666e-05,8141922008.34845
2025-05-04,2.448e-05,7930308630.723042
2025-05-05,-3.383333333333334e-06,7637905679.178016
2025-05-06,2.391666666666667e-05,7665848565.753492
2025-05-07,8.376666666666667e-06,7850755666.209797
2025-05-08,4.2180000000000006e-05,8309498901.177207
2025-05-09,8.126e-05,8214722815.43983
2025-05-10,7.971333333333333e-05,8224442461.25689
2025-05-11,8.05e-05,8372497450.8187475
2025-05-12,5.585e-05,8530762090.783585
2025-05-13,8.034333333333333e-05,8499579005.286831
2025-05-14,6.879333333333332e-05,8408649974.349989
2025-05-15,3.251e-05,8275682591.213579
2025-05-16,5.6023333333333336e-05,8350662222.741431
2025-05-17,2.2526666666666666e-05,8167313584.546797
2025-05-18,7.548333333333333e-05,8407786522.253304
2025-05-19,4.713333333333333e-05,8369495308.057319
2025-05-20,5.583666666666667e-05,8772249339.376873
2025-05-21,7.011e-05,9139366383.8757
2025-05-22,0.0001,9953508159.807993
2025-05-23,8.398666666666666e-05,9549274358.619911
2025-05-24,5.317e-05,9185696087.143772
2025-05-25,6.186e-05,9357101455.623487
2025-05-26,9.037666666666669e-05,9862935768.956676
2025-05-27,5.797333333333333e-05,9644412240.868893
2025-05-28,3.597333333333333e-05,9442737817.280972
2025-05-29,4.792333333333333e-05,9261624959.66773
2025-05-30,4.621e-05,8803903057.484562
2025-05-31,6.915e-05,8641708830.411648
2025-06-01,1.9566666666666667e-05,8700978568.400875
2025-06-02,3.139333333333333e-05,8633063119.700886
2025-06-03,5.1756666666666665e-05,8673885550.457453
2025-06-04,1.1873333333333334e-05,8609100874.366417
2025-06-05,2.7003333333333333e-05,8499803981.921574
2025-06-06,-3.172e-05,8699961017.53849
2025-06-07,-1.918e-05,8757105429.855595
2025-06-08,2.2730000000000004e-05,8785456216.17353
2025-06-09,1.639e-05,8980367984.948965
2025-06-10,8.179666666666667e-05,9340574837.112278
2025-06-11,7.402666666666667e-05,9244464540.363836
2025-06-12,3.4336666666666666e-05,8775453299.402313
2025-06-13,5.953333333333333e-06,8178573215.983385
2025-06-14,2.317e-05,8203263602.678489
2025-06-15,1.722333333333333e-05,8289474170.647869
2025-06-16,2.933e-05,8565712620.955712
2025-06-17,3.278e-05,8167558413.964393
2025-06-18,2.8783333333333333e-05,8071333130.281254
2025-06-19,1.2856666666666668e-05,8085052696.480457
2025-06-20,4.609000000000001e-05,8186414673.080593
2025-06-21,4.45e-05,7929535316.025874
2025-06-22,5.676e-05,7795142347.704808
2025-06-23,3.3966666666666675e-06,7838908307.150641
2025-06-24,9.7e-06,7806177269.727783
2025-06-25,1.7833333333333338e-06,8186093436.417332
2025-06-26,1.542666666666667e-05,8351231896.031226
2025-06-27,2.1110000000000003e-05,8192383695.832454
2025-06-28,3.108666666666667e-05,8098229689.253298
2025-06-29,5.5366666666666666e-05,8329154165.697178
2025-06-30,2.988666666666667e-05,8345541418.338039
2025-07-01,2.165333333333333e-05,8091844168.829156
2025-07-02,3.113333333333333e-05,8372613286.890551
2025-07-03,4.487e-05,8969730537.493134
2025-07-04,4.012e-05,8850591539.420942
2025-07-05,2.7086666666666663e-05,8611968814.584597
2025-07-06,1.5446666666666666e-05,8554308697.517591
2025-07-07,3.356333333333334e-05,8573550284.434814
2025-07-08,3.079e-05,8481886139.72205
2025-07-09,3.5806666666666664e-05,8733750320.355501
2025-07-10,6.810333333333333e-05,9633948234.120785
2025-07-11,0.0001,10243416706.079948
2025-07-12,0.0001,10361031060.645454
2025-07-13,0.0001,10510197517.279713
2025-07-14,9.350333333333332e-05,11118115348.225311
2025-07-15,0.0001,10776123015.592112
2025-07-16,0.0001,10671419651.754034
2025-07-17,0.0001,10585503863.1205
2025-07-18,0.0001,10673888903.865242
2025-07-19,0.0001,10441051518.3563
2025-07-20,0.0001,10416612529.703451
2025-07-21,0.0001,10205500404.399984
2025-07-22,0.0001,10605522572.592018
2025-07-23,0.0001,10508932453.444624
2025-07-24,0.0001,10464205909.976006
2025-07-25,0.0001,10912750824.70362
2025-07-26,0.0001,10605355232.515842
2025-07-27,0.0001,10616953969.871386
2025-07-28,0.0001,10822938849.566912
2025-07-29,0.0001,10794393884.249922
2025-07-30,0.0001,10705321266.482592
2025-07-31,8.564666666666667e-05,10737764686.006577
2025-08-01,1.9406666666666665e-05,10267310683.15426
2025-08-02,3.380333333333333e-05,9936926194.078772
2025-08-03,5.89e-05,9765953953.334044
2025-08-04,4.606333333333334e-05,9761529587.615168
2025-08-05,6.824666666666668e-05,9652083555.573154
2025-08-06,7.578333333333334e-05,9580103795.639788
2025-08-07,6.230666666666666e-05,9714098781.081762
2025-08-08,4.035e-05,9678752195.60293
2025-08-09,7.691000000000001e-05,9736911476.175188
2025-08-10,9.949666666666668e-05,10135070030.903933
2025-08-11,0.0001,11065442045.225494
2025-08-12,8.843666666666666e-05,10651008080.603476
2025-08-13,9.041e-05,10976303407.206495
2025-08-14,0.0001,11259253751.617144
2025-08-15,4.5503333333333335e-05,10739739849.80424
2025-08-16,8.713666666666667e-05,10566862899.206598
2025-08-17,4.916e-05,10611594236.81614
2025-08-18,2.4866666666666667e-05,10273450124.591509
2025-08-19,5.522e-05,10020812887.76461
2025-08-20,3.614333333333333e-05,9869746024.425491
2025-08-21,5.438000000000001e-05,9950650963.463768
2025-08-22,7.721e-05,10159243381.97104
2025-08-23,9.903666666666667e-05,10442425306.412727
2025-08-24,0.0001,10640270373.653172
2025-08-25,9.448000000000002e-05,10402412678.48371
2025-08-26,6.140666666666667e-05,9842996620.296818
2025-08-27,3.600333333333333e-05,9897103608.804768
2025-08-28,7.500666666666666e-05,9943372939.473074
2025-08-29,3.587e-05,9732075574.579844
2025-08-30,7.848000000000001e-05,9710885907.33555
2025-08-31,4.5056666666666665e-05,9780018206.838844
2025-09-01,6.541e-05,9747290008.66732
2025-09-02,7.369e-05,9908760175.532082
2025-09-03,2.746e-05,9997526793.515648
2025-09-04,4.7113333333333335e-05,9900879775.890602
2025-09-05,8.468000000000001e-05,9944104909.30372
2025-09-06,4.022333333333333e-05,9642349325.587025
2025-09-07,4.183333333333334e-05,9759698283.518166
2025-09-08,7.799e-05,10120923470.305555
2025-09-09,7.933e-05,10270140281.441511
2025-09-10,6.943666666666667e-05,10443232838.210823
2025-09-11,4.484e-05,10670006320.04116
2025-09-12,5.598666666666667e-05,10674768605.495108
2025-09-13,1.278e-05,10520526076.473324
2025-09-14,5.359e-05,10279774211.563908
2025-09-15,7.551666666666667e-05,10207219980.042566
2025-09-16,4.82e-05,10231619422.749063
2025-09-17,7.238666666666666e-05,10438497725.473185
2025-09-18,6.025666666666666e-05,10531161973.409628
2025-09-19,2.3806666666666663e-05,10489365762.76161
2025-09-20,9.08e-06,10374100291.490473
2025-09-21,3.276666666666665e-06,10253333540.433985
2025-09-22,4.415333333333333e-05,10014841928.460772
2025-09-23,7.207666666666666e-05,9839318554.694002
2025-09-24,5.649e-05,9966400251.382715
2025-09-25,3.69e-05,9638509682.241394
2025-09-26,5.073e-05,9350580728.675264
2025-09-27,3.745333333333333e-05,9285257484.589745
2025-09-28,4.517e-05,9368120607.53741
2025-09-29,1.216e-05,9853719186.778124
2025-09-30,3.61e-05,10087363701.995943
2025-10-01,5.6040000000000006e-05,10544367892.7989
2025-10-02,9.109e-05,11046238559.28472
2025-10-03,9.975333333333333e-05,11491849437.155935
2025-10-04,9.437333333333332e-05,11729063753.913418
2025-10-05,9.404666666666668e-05,12250335057.289389
2025-10-06,7.737e-05,12364077854.761074
2025-10-07,8.267333333333333e-05,11950080782.262917
2025-10-08,5.9793333333333336e-05,11373183754.525137
2025-10-09,2.716333333333333e-05,11474993915.418797
2025-10-10,1.892333333333333e-05,11185134688.814337
2025-10-11,6.822333333333333e-05,8268732725.877067
2025-10-12,-3.701666666666666e-05,8224701845.743201
2025-10-13,-1.2426666666666666e-05,8816865405.21841
2025-10-14,-2.609e-05,8780550102.765919
2025-10-15,-4.089999999999999e-06,8846830206.210197
2025-10-16,-2.6583333333333333e-05,8693301594.216955
2025-10-17,-4.033333333333333e-06,8543268766.334398
2025-10-18,-4.958666666666667e-05,8747119887.93175
2025-10-19,9.626666666666664e-06,8756318085.306097
2025-10-20,-9.6e-06,9042596408.22287
2025-10-21,-1.9503333333333334e-05,9125903282.18167
2025-10-22,1.3116666666666664e-05,8580936205.196505
2025-10-23,5.172333333333333e-05,8392761309.047014
2025-10-24,2.799333333333333e-05,8662074368.24015
2025-10-25,4.024666666666667e-05,8734932135.424938
2025-10-26,3.1140000000000003e-05,9092701988.529713
2025-10-27,9.101333333333334e-05,9169407285.002708
2025-10-28,5.619e-05,8860925059.834995
2025-10-29,2.853e-05,8647837439.124851
2025-10-30,2.7026666666666667e-05,8556399937.616533
2025-10-31,6.737666666666667e-05,8262741995.256989
2025-11-01,9.927333333333334e-05,8534748454.230862
2025-11-02,7.328333333333333e-05,8468024106.069953
2025-11-03,6.0933333333333335e-05,8248847191.153063
2025-11-04,7.382333333333334e-05,8133735543.328005
2025-11-05,4.2596666666666665e-05,8625302252.531013
2025-11-06,5.465e-05,8471649988.248936
2025-11-07,5.854333333333333e-05,8603097325.327293
2025-11-08,4.854333333333333e-05,8692537792.850397
2025-11-09,3.8316666666666665e-05,8725547793.922714
2025-11-10,7.068000000000001e-05,9203029476.415428
2025-11-11,1.955333333333333e-05,8915029553.645983
2025-11-12,2.9783333333333333e-05,8816740026.74693
2025-11-13,5.959000000000001e-05,8853121929.922228
2025-11-14,8.924333333333333e-05,8845846320.761112
2025-11-15,8.143333333333334e-05,9257558704.67735
2025-11-16,8.268333333333333e-05,9294680848.35146
2025-11-17,8.925333333333334e-05,9296843152.763952
2025-11-18,7.908333333333334e-05,9341364461.697086
2025-11-19,5.496e-05,9093466681.209328
2025-11-20,7.752666666666667e-05,9165908173.137882
2025-11-21,3.812666666666667e-05,8596619985.321928
2025-11-22,4.388333333333333e-05,8329705644.493731
2025-11-23,1.0240000000000002e-05,8511747525.105892
2025-11-24,1.6346666666666667e-05,8347776295.746327
2025-11-25,-2.104333333333333e-05,7977691702.662648
2025-11-26,3.002333333333333e-05,7903014893.918396
2025-11-27,1.4776666666666664e-05,8254908540.098992
2025-11-28,2.025e-05,8222628581.214223
2025-11-29,8.103333333333333e-06,8056935407.952388
2025-11-30,4.506e-05,8171014095.636312
2025-12-01,2.7456666666666667e-05,7743747161.545811
2025-12-02,1.8776666666666663e-05,7920291586.026821
2025-12-03,5.296666666666666e-06,8338922192.334086
2025-12-04,3.656e-05,8280374576.498867
2025-12-05,3.3906666666666665e-05,8062144323.922302
2025-12-06,1.2633333333333332e-05,7839386287.573214
2025-12-07,3.69e-05,7891006436.626409
2025-12-08,3.133666666666667e-05,7986140069.601142
2025-12-09,4.224666666666666e-05,8076017710.693102
2025-12-10,2.659333333333333e-05,8040714895.978838
2025-12-11,2.371e-05,7895387524.041412
2025-12-12,4.998333333333334e-05,7951441148.189691
2025-12-13,4.0606666666666665e-05,7934881342.510607
2025-12-14,5.5570000000000005e-05,7919833815.281616
2025-12-15,7.926666666666666e-06,7872255483.338984
2025-12-16,4.3020000000000005e-05,7825480392.533497
2025-12-17,7.041666666666667e-05,7753407809.136041
2025-12-18,4.572666666666666e-05,7656536739.624302
2025-12-19,8.497000000000001e-05,7982994895.285115
2025-12-20,6.135e-05,8090801927.869478
2025-12-21,7.510666666666666e-05,8018587899.77871
2025-12-22,5.189e-05,8067908119.295731
2025-12-23,3.219666666666666e-05,8100257139.104219
2025-12-24,8.127333333333334e-05,8215869006.495087
2025-12-25,7.409333333333333e-05,8164907665.944057
2025-12-26,6.601666666666667e-05,8268716391.680291
2025-12-27,3.4823333333333336e-05,8044273795.600479
2025-12-28,5.7943333333333325e-05,8112443178.126456
2025-12-29,8.275333333333335e-05,8428209848.958233
2025-12-30,7.652666666666667e-05,8386731240.302715
2025-12-31,2.708333333333333e-05,8355484416.776154
2026-01-01,7.237e-05,8322318213.331833
2026-01-02,4.88e-05,8613396231.847422
2026-01-03,3.701e-05,8649299949.451778
2026-01-04,6.578999999999999e-05,8906277823.283653
2026-01-05,7.282000000000001e-05,9043048704.220219
2026-01-06,1.377e-05,8855763005.090633
2026-01-07,6.489e-05,8704638130.149357
2026-01-08,8.376333333333332e-05,8932183976.290243
2026-01-09,1.5543333333333334e-05,8770339644.811666
2026-01-10,6.511666666666667e-05,8700564663.902378
2026-01-11,5.027e-05,8743558721.898476
2026-01-12,3.121666666666667e-05,8669216595.417427
2026-01-13,5.176e-05,8696156176.081726
2026-01-14,2.2340000000000003e-05,9145446724.829447
2026-01-15,9.693333333333333e-06,9211182564.660795
2026-01-16,5.7239999999999994e-05,9198013627.470806
2026-01-17,1.935e-05,9089884612.102127
2026-01-18,6.563333333333333e-05,9193758683.54139
2026-01-19,2.6366666666666666e-05,8779084928.827507
2026-01-20,7.365666666666667e-05,8880049490.07832
2026-01-21,6.155e-05,8876664625.0495
2026-01-22,6.961333333333333e-05,8960575218.750467
2026-01-23,5.149333333333333e-05,8946730898.668474
2026-01-24,4.780333333333334e-05,8855256092.383945
2026-01-25,4.768e-05,8935016381.594143
2026-01-26,4.1733333333333336e-05,8987081267.640348
2026-01-27,5.932666666666667e-05,8971214180.494822
2026-01-28,5.413666666666667e-05,9088505823.20237
2026-01-29,5.696333333333334e-05,9010627064.038816
2026-01-30,2.167333333333333e-05,8588773394.476109
2026-01-31,6.608666666666666e-05,8120083040.211492
2026-02-01,6.253333333333334e-06,7218665924.922501
2026-02-02,-2.8959999999999997e-05,6950136977.11739
2026-02-03,-1.4100000000000003e-06,6907690294.833031
2026-02-04,2.7626666666666664e-05,6859985047.094125
2026-02-05,1.5046666666666668e-05,6515103109.38574
2026-02-06,-9.587666666666666e-05,5813393069.755715
2026-02-07,-8.803666666666665e-05,5794354724.211816
2026-02-08,-3.937666666666667e-05,5737035998.650511
2026-02-09,-1.837666666666667e-05,5605492224.182648
2026-02-10,-7.481e-05,5521687613.264947
2026-02-11,-2.7286666666666667e-05,5487640258.592294
2026-02-12,1.300000000000001e-06,5433931884.374956
2026-02-13,1.758666666666667e-05,5367277518.802163
2026-02-14,1.291e-05,5506083622.415412
